brand,category,price,product,review_avg_rating,review_count,url
Dermalogica,skincare,39,Special Cleansing Gel,4.6,2252,https://www.ulta.com/special-cleansing-gel?productId=VP12697
Sebastian,hair,40,Drench Conditioner,4.6,2144,https://www.ulta.com/drench-conditioner?productId=xlsImpprod4450479
Giorgio Armani,cologne,100,Acqua di Giò Absolu Eau de Parfum,4.8,1937,https://www.ulta.com/acqua-di-gio-absolu-eau-de-parfum?productId=xlsImpprod17941013
Giorgio Armani,cologne,88,Acqua di Giò Pour Homme Eau de Toilette,4.8,1751,https://www.ulta.com/acqua-di-gio-pour-homme-eau-de-toilette?productId=fs356346
Giorgio Armani,cologne,79,Emporio Armani Stronger With You Eau de Toilette,4.7,1623,https://www.ulta.com/emporio-armani-stronger-with-you-eau-de-toilette?productId=xlsImpprod16711001
Aveeno,body ,7.49,Daily Moisturizing Lotion,4.7,1456,https://www.ulta.com/daily-moisturizing-lotion?productId=prod5022101
Giorgio Armani,cologne,98,Armani Code Colonia Eau de Toilette,4.7,1444,https://www.ulta.com/armani-code-colonia-eau-de-toilette?productId=xlsImpprod16841009
Nioxin,hair,19.5,Scalp & Hair Leave-In Treatement System 4 (Color Treated Hair/Progressed Thinning),4.4,1102,https://www.ulta.com/scalp-hair-leave-in-treatement-system-4-color-treated-hairprogressed-thinning?productId=xlsImpprod4450391
Dermalogica,skincare,42,Active Moist,4.6,970,https://www.ulta.com/active-moist?productId=VP12690
Aveeno,body ,13.49,Eczema Therapy Moisturizing Cream,4.8,925,https://www.ulta.com/eczema-therapy-moisturizing-cream?productId=xlsImpprod2450063
Hempz,body ,23,Original Herbal Body Moisturizer,4.8,852,https://www.ulta.com/original-herbal-body-moisturizer?productId=xlsImpprod3070153
Duke Cannon Supply Co,body ,7.99,Big American Bourbon Soap,4.9,846,https://www.ulta.com/big-american-bourbon-soap?productId=xlsImpprod17361143
Ralph Lauren,cologne,90,Polo Red Rush Eau de Toilette,4.6,840,https://www.ulta.com/polo-red-rush-eau-de-toilette?productId=xlsImpprod18811027
Murad,skincare,30,Clarifying Cleanser,4.2,777,https://www.ulta.com/clarifying-cleanser?productId=prod2082345
Aveeno,body ,12.99,Skin Relief 24HR Moisturizing Lotion,4.2,744,https://www.ulta.com/skin-relief-24hr-moisturizing-lotion?productId=xlsImpprod640022
Nioxin,hair,19.5,"Scalp & Hair Leave-In Treatment System 2 (Fine/Progressed Thinning, Natural Hair)",4.4,720,https://www.ulta.com/scalp-hair-leave-in-treatment-system-2-fineprogressed-thinning-natural-hair?productId=xlsImpprod4450383
Nioxin,hair,51,"Scalp Therapy Conditioner, System 2 (Fine/Progressed Thinning, Natural Hair)",4.4,720,https://www.ulta.com/scalp-therapy-conditioner-system-2-fineprogressed-thinning-natural-hair?productId=xlsImpprod4450359
Nioxin,hair,42,"Cleanser Shampoo, System 2 (Fine/Progressed Thinning, Natural Hair)",4.4,720,https://www.ulta.com/cleanser-shampoo-system-2-fineprogressed-thinning-natural-hair?productId=xlsImpprod4450335
Jack Black,skincare,8,Intense Therapy Lip Balm SPF 25,4.7,711,https://www.ulta.com/intense-therapy-lip-balm-spf-25?productId=xlsImpprod3730169
Duke Cannon Supply Co,cologne,24.99,Solid Cologne - Bourbon,4.8,590,https://www.ulta.com/solid-cologne-bourbon?productId=pimprod2000412
Tigi,hair,19.5,Bed Head for Men Matte Separation Workable Wax,4.6,548,https://www.ulta.com/bed-head-men-matte-separation-workable-wax?productId=xlsImpprod11201021
Clinique,skincare,16.5,Acne Solutions Cleansing Bar for Face & Body,4.7,535,https://www.ulta.com/acne-solutions-cleansing-bar-face-body?productId=xlsImpprod10791851
Ralph Lauren,cologne,99,Polo Blue Gold Blend Eau de Parfum,4.4,472,https://www.ulta.com/polo-blue-gold-blend-eau-de-parfum?productId=pimprod2005207
Peter Thomas Roth,skincare,38,Instant FIRMx Eye,3.6,446,https://www.ulta.com/instant-firmx-eye?productId=xlsImpprod4160051
CeraVe,body ,18.99,Moisturizing Cream For Normal To Dry Skin,4.7,433,https://www.ulta.com/moisturizing-cream-normal-dry-skin?productId=xlsImpprod3530069
Dior,cologne,77,Sauvage Eau de Toilette,4.8,420,https://www.ulta.com/sauvage-eau-de-toilette?productId=xlsImpprod13611459
Tigi,hair,22,Bed Head Manipulator,4.4,351,https://www.ulta.com/bed-head-manipulator?productId=xlsImpprod4750121
Nioxin,hair,19.5,Scalp and Hair Leave-In Treatment System 1 For Fine Hair With Light Thinning,4.5,347,https://www.ulta.com/scalp-hair-leave-in-treatment-system-1-fine-hair-with-light-thinning?productId=xlsImpprod4450379
Nioxin,hair,51,"Scalp Therapy Conditioner, System 1 (Fine/Normal to Light Thinning, Natural Hair)",4.5,347,https://www.ulta.com/scalp-therapy-conditioner-system-1-finenormal-light-thinning-natural-hair?productId=xlsImpprod4450355
Nioxin,hair,42,"Cleanser Shampoo, System 1 (Fine/Normal to Light Thinning, Natural Hair)",4.5,347,https://www.ulta.com/cleanser-shampoo-system-1-finenormal-light-thinning-natural-hair?productId=xlsImpprod4450331
Jack Black,shaving,26,Beard Oil,4.8,345,https://www.ulta.com/beard-oil?productId=xlsImpprod13141057
Jack Black,skincare,23,Turbo Wash Energizing Cleanser,4.9,319,https://www.ulta.com/turbo-wash-energizing-cleanser?productId=xlsImpprod3730205
Dolce&Gabbana,cologne,90,Light Blue Pour Homme Eau de Toilette,4.8,319,https://www.ulta.com/light-blue-pour-homme-eau-de-toilette?productId=VP12592
Sebastian,hair,19.9,Shaper Fierce Hairspray,4,319,https://www.ulta.com/shaper-fierce-hairspray?productId=xlsImpprod4450521
Duke Cannon Supply Co,body ,7.99,Big Ass Beer Soap,3.9,307,https://www.ulta.com/big-ass-beer-soap?productId=xlsImpprod16171045
Giorgio Armani,cologne,50,Armani Code Eau de Toilette,4.7,301,https://www.ulta.com/armani-code-eau-de-toilette?productId=VP10438
Jack Black,shaving,35,Beard Lube Conditioning Shave,4.9,297,https://www.ulta.com/beard-lube-conditioning-shave?productId=xlsImpprod3730155
Peter Thomas Roth,skincare,39,Anti-Aging Cleansing Gel,4.5,297,https://www.ulta.com/anti-aging-cleansing-gel?productId=xlsImpprod540342
Duke Cannon Supply Co,body ,8.99,Sandalwood & Amber Trench Warfare Antiperspirant + Deodorant,4.8,294,https://www.ulta.com/sandalwood-amber-trench-warfare-antiperspirant-deodorant?productId=pimprod2008935
Dermalogica,skincare,19.5,Clear Start Breakout Clearing Foaming Wash,4.4,293,https://www.ulta.com/clear-start-breakout-clearing-foaming-wash?productId=xlsImpprod5780106
Sebastian,hair,38,Drench Shampoo,4.6,278,https://www.ulta.com/drench-shampoo?productId=xlsImpprod4450481
Jack Black,hair,50,All-Over Wash,4.8,274,https://www.ulta.com/all-over-wash?productId=xlsImpprod3730171
Duke Cannon Supply Co,skincare,13.5,Bloody Knuckles Hand Repair Balm,4.9,267,https://www.ulta.com/bloody-knuckles-hand-repair-balm?productId=xlsImpprod16171035
Jack Black,skincare,35,Pure Clean Daily Facial Cleanser,4.8,256,https://www.ulta.com/pure-clean-daily-facial-cleanser?productId=xlsImpprod3730167
Peter Thomas Roth,skincare,48,Instant FIRMx,3.3,255,https://www.ulta.com/instant-firmx?productId=xlsImpprod3030047
Jack Black,skincare,23,Deep Dive Glycolic Facial Cleanser,4.8,253,https://www.ulta.com/deep-dive-glycolic-facial-cleanser?productId=xlsImpprod6400417
Jack Black,shaving,18,Beard Wash,4.8,245,https://www.ulta.com/beard-wash?productId=xlsImpprod17001045
Duke Cannon Supply Co,body ,12.5,Working Man's Face Wash,4.9,233,https://www.ulta.com/working-mans-face-wash?productId=xlsImpprod16171057
Duke Cannon Supply Co,cologne,24.99,Solid Cologne - Land,4.6,233,https://www.ulta.com/solid-cologne-land?productId=xlsImpprod17961407
Jack Black,body ,15,Industrial Strength Hand Healer,4.8,231,https://www.ulta.com/industrial-strength-hand-healer?productId=xlsImpprod3730173
Murad,skincare,39,Time Release Acne Cleanser,4.5,230,https://www.ulta.com/time-release-acne-cleanser?productId=xlsImpprod1790149
Nioxin,hair,19.5,Scalp & Hair Leave-In Treatment System 5 (Chemically Treated Hair/Normal to Light Thinning),4.4,228,https://www.ulta.com/scalp-hair-leave-in-treatment-system-5-chemically-treated-hairnormal-light-thinning?productId=xlsImpprod4450395
Montblanc,cologne,92,Legend Eau de Toilette,4.8,214,https://www.ulta.com/legend-eau-de-toilette?productId=xlsImpprod4320001
Clinique,skincare,21,Clinique For Men Face Scrub,4.7,214,https://www.ulta.com/clinique-men-face-scrub?productId=prod2140590
Clinique,cologne,52,Happy For Men Cologne Spray,4.8,207,https://www.ulta.com/happy-men-cologne-spray?productId=VP11396
Paco Rabanne,cologne,78,Invictus Legend Eau de Parfum,4.6,202,https://www.ulta.com/invictus-legend-eau-de-parfum?productId=pimprod2006396
Duke Cannon Supply Co,skincare,8.5,Cannon Balm,4.9,201,https://www.ulta.com/cannon-balm?productId=xlsImpprod16171059
Duke Cannon Supply Co,cologne,24.99,Solid Cologne - Sea,4.7,200,https://www.ulta.com/solid-cologne-sea?productId=xlsImpprod17961409
Nioxin,hair,19.5,Scalp & Hair Leave-In Treatment System 6 (Chemically Treated Hair/Progressed Thinning),4.4,195,https://www.ulta.com/scalp-hair-leave-in-treatment-system-6-chemically-treated-hairprogressed-thinning?productId=xlsImpprod4450399
Tree Hut,shaving,11.99,Bare Moisturizing Shave Oil,4.8,191,https://www.ulta.com/bare-moisturizing-shave-oil?productId=xlsImpprod14221005
Jack Black,shaving,35,Beard Grooming Kit,4.8,186,https://www.ulta.com/beard-grooming-kit?productId=xlsImpprod17001043
Sexy Hair,hair,19.95,Style Sexy Hair Play Dirty Dry Wax Spray,4.4,183,https://www.ulta.com/style-sexy-hair-play-dirty-dry-wax-spray?productId=xlsImpprod5770187
House 99 by David Beckham,skincare,25,Greater Look Face Moisturiser,4.2,181,https://www.ulta.com/greater-look-face-moisturiser?productId=xlsImpprod17561025
Sebastian,hair,14.5,"SEB MAN The Multitasker Hair, Beard & Body Wash",4.9,178,https://www.ulta.com/seb-man-multitasker-hair-beard-body-wash?productId=pimprod2006615
Duke Cannon Supply Co,hair,13.5,News Anchor 2 in 1 Hair Wash Tea Tree Formula,4.8,177,https://www.ulta.com/news-anchor-2-in-1-hair-wash-tea-tree-formula?productId=xlsImpprod16171043
Sexy Hair,hair,18.95,Style Sexy Hair Hard Up Holding Gel,4.7,174,https://www.ulta.com/style-sexy-hair-hard-up-holding-gel?productId=xlsImpprod5770185
Sebastian,hair,18,SEB MAN The Sculptor Matte Clay,4.6,170,https://www.ulta.com/seb-man-sculptor-matte-clay?productId=pimprod2006609
Duke Cannon Supply Co,shaving,12.5,Superior Grade Shaving Cream,4.7,168,https://www.ulta.com/superior-grade-shaving-cream?productId=xlsImpprod16171037
House 99 by David Beckham,shaving,25,Seriously Groomed Beard & Hair Balm,4.2,168,https://www.ulta.com/seriously-groomed-beard-hair-balm?productId=xlsImpprod17561027
Sebastian,hair,38,Penetraitt Shampoo,4.6,166,https://www.ulta.com/penetraitt-shampoo?productId=xlsImpprod4450509
Duke Cannon Supply Co,body ,8.99,Bergamot & Black Pepper Trench Warfare Antiperspirant + Deodorant,4.8,163,https://www.ulta.com/bergamot-black-pepper-trench-warfare-antiperspirant-deodorant?productId=pimprod2008934
Aveeno,body ,8.99,Daily Moisturizing Body Wash,4.7,162,https://www.ulta.com/daily-moisturizing-body-wash?productId=xlsImpprod600102
Sebastian,shaving,18,SEB MAN The Protector Shaving Cream,4.8,161,https://www.ulta.com/seb-man-protector-shaving-cream?productId=pimprod2006608
Sebastian,hair,40,Penetraitt Conditioner,4.7,161,https://www.ulta.com/penetraitt-conditioner?productId=xlsImpprod4450507
Ralph Lauren,cologne,88,Polo Black Eau de Toilette,4.8,158,https://www.ulta.com/polo-black-eau-de-toilette?productId=VP10904
Paco Rabanne,cologne,92,Invictus Eau de Toilette,4.9,157,https://www.ulta.com/invictus-eau-de-toilette?productId=xlsImpprod11251021
Yves Saint Laurent,cologne,74,L'Homme Eau de Toilette,4.8,157,https://www.ulta.com/lhomme-eau-de-toilette?productId=VP12563
Sexy Hair,hair,19.95,Style Sexy Hairspray Clay Texturizing Spray Clay,4.3,154,https://www.ulta.com/style-sexy-hairspray-clay-texturizing-spray-clay?productId=xlsImpprod5770191
Gucci,cologne,95,Guilty Pour Homme Eau de Toilette,4.8,152,https://www.ulta.com/guilty-pour-homme-eau-de-toilette?productId=xlsImpprod3400101
Duke Cannon Supply Co,body ,7.99,Big Ass Brick of Soap - Smells Like Productivity,4.9,151,https://www.ulta.com/big-ass-brick-of-soap-smells-like-productivity?productId=xlsImpprod16171031
Calvin Klein,cologne,82,Eternity For Men Eau de Toilette,4.6,148,https://www.ulta.com/eternity-men-eau-de-toilette?productId=2232
Duke Cannon Supply Co,hair,13.5,News Anchor Cedarwood 2 in 1 Hair Wash,4.8,139,https://www.ulta.com/news-anchor-cedarwood-2-in-1-hair-wash?productId=pimprod2002334
Duke Cannon Supply Co,shaving,8.99,Hot Shave Clear Warming Shave Gel,4.8,137,https://www.ulta.com/hot-shave-clear-warming-shave-gel?productId=pimprod2002445
Versace,cologne,70,Eros Eau de Toilette,4.8,137,https://www.ulta.com/eros-eau-de-toilette?productId=xlsImpprod5800032
Peter Thomas Roth,skincare,65,Retinol Fusion PM,4.4,137,https://www.ulta.com/retinol-fusion-pm?productId=xlsImpprod2730105
Proactiv,skincare,20,Emergency Blemish Relief,4.3,131,https://www.ulta.com/emergency-blemish-relief?productId=xlsImpprod14651027
Ralph Lauren,cologne,90,Polo Red Eau de Toilette,4.7,130,https://www.ulta.com/polo-red-eau-de-toilette?productId=xlsImpprod5490031
Nivea,body ,8.49,Essentially Enriched Body Lotion,4.6,129,https://www.ulta.com/essentially-enriched-body-lotion?productId=xlsImpprod5540059
Azzaro,cologne,91,Chrome Eau de Toilette,4.8,128,https://www.ulta.com/chrome-eau-de-toilette?productId=34454
Proactiv,skincare,50,3-Step System,4.1,127,https://www.ulta.com/3-step-system?productId=xlsImpprod14651019
Hugo Boss,cologne,78,BOSS Bottled Infinite Eau de Parfum,4.7,126,https://www.ulta.com/boss-bottled-infinite-eau-de-parfum?productId=pimprod2005230
Versace,cologne,85,Man Eau Fraîche Eau de Toilette,4.9,123,https://www.ulta.com/man-eau-fraiche-eau-de-toilette?productId=VP11911
Jack Black,skincare,30,Clean Break Oil-Free Moisturizer,4.8,123,https://www.ulta.com/clean-break-oil-free-moisturizer?productId=xlsImpprod14211033
Calvin Klein,cologne,85,Euphoria For Men Eau de Toilette,4.8,121,https://www.ulta.com/euphoria-men-eau-de-toilette?productId=VP11821
Jimmy Choo,cologne,92,MAN Eau de Toilette,4.8,121,https://www.ulta.com/man-eau-de-toilette?productId=xlsImpprod11931113
Dolce&Gabbana,cologne,90,The One For Men Eau de Toilette,4.7,121,https://www.ulta.com/one-men-eau-de-toilette?productId=xlsImpprod1110482
Sexy Hair,hair,18.95,Style Sexy Hair Blow It Up Volumizing Gel Foam,4.4,118,https://www.ulta.com/style-sexy-hair-blow-it-up-volumizing-gel-foam?productId=xlsImpprod5770181
Aquaphor,body ,12.99,Healing Ointment Tube,4.6,117,https://www.ulta.com/healing-ointment-tube?productId=xlsImpprod11821031
Billy Jealousy,shaving,25,Beard Envy Kit,4.5,117,https://www.ulta.com/beard-envy-kit?productId=xlsImpprod6490058
Nioxin,hair,30.75,"Diamax, Hair Thickening & Breakage Protection Treatment For Thinning Hair",4.3,115,https://www.ulta.com/diamax-hair-thickening-breakage-protection-treatment-thinning-hair?productId=xlsImpprod4450423
Duke Cannon Supply Co,skincare,12.5,Standard Issue Face Lotion,4.9,113,https://www.ulta.com/standard-issue-face-lotion?productId=pimprod2002330
Versace,cologne,85,Pour Homme Eau de Toilette,4.9,113,https://www.ulta.com/pour-homme-eau-de-toilette?productId=xlsImpprod890582
Duke Cannon Supply Co,body ,14.99,Tactical Soap on a Rope Pouch,4.7,112,https://www.ulta.com/tactical-soap-on-a-rope-pouch?productId=pimprod2002339
Giorgio Armani,cologne,100,Acqua di Giò Profumo Parfum,4.7,111,https://www.ulta.com/acqua-di-gio-profumo-parfum?productId=xlsImpprod12921007
Duke Cannon Supply Co,shaving,15.5,News Anchor Pomade,4.7,110,https://www.ulta.com/news-anchor-pomade?productId=xlsImpprod16871189
Proactiv,skincare,38,Skin Purifying Mask,4.8,108,https://www.ulta.com/skin-purifying-mask?productId=xlsImpprod14651033
Duke Cannon Supply Co,body ,7.99,Big Ass Brick of Soap - Smells Like Naval Supremacy,4.9,107,https://www.ulta.com/big-ass-brick-of-soap-smells-like-naval-supremacy?productId=xlsImpprod16171033
Coach,cologne,87,For Men Eau de Toilette,4.8,107,https://www.ulta.com/men-eau-de-toilette?productId=xlsImpprod16841001
Duke Cannon Supply Co,body ,9.5,Cold Shower Cooling Field Towels,4.8,107,https://www.ulta.com/cold-shower-cooling-field-towels?productId=xlsImpprod16171041
Gucci,cologne,95,Guilty Cologne Pour Homme Eau de Toilette,4.1,107,https://www.ulta.com/guilty-cologne-pour-homme-eau-de-toilette?productId=pimprod2006020
American Crew,hair,23.95,"3-In-1 Shampoo, Conditioner and Body Wash",4.7,106,https://www.ulta.com/3-in-1-shampoo-conditioner-body-wash?productId=xlsImpprod10271076
Clarisonic,skincare,99,Mia Men Facial Cleansing Device with Charcoal Brush Head,4.3,105,https://www.ulta.com/mia-men-facial-cleansing-device-with-charcoal-brush-head?productId=pimprod2007594
Clinique,skincare,22.5,Clinique For Men Post-Shave Soother,4.4,104,https://www.ulta.com/clinique-men-post-shave-soother?productId=prod2140593
Clinique,skincare,21,Clinique For Men Face Bronzer,4.8,103,https://www.ulta.com/clinique-men-face-bronzer?productId=xlsImpprod2200043
Duke Cannon Supply Co,skincare,8.5,Cannon Balm 140 Degrees Tactical Lip Protectant,4.9,102,https://www.ulta.com/cannon-balm-140-degrees-tactical-lip-protectant?productId=pimprod2002326
Duke Cannon Supply Co,cologne,24.99,Solid Cologne - Air,4.5,100,https://www.ulta.com/solid-cologne-air?productId=xlsImpprod17961405
Proactiv,skincare,40,Skin Smoothing Exfoliator,4.7,99,https://www.ulta.com/skin-smoothing-exfoliator?productId=xlsImpprod14651013
Duke Cannon Supply Co,body ,7.99,Big Ass Brick of Soap - Smells Like Accomplishment,4.8,94,https://www.ulta.com/big-ass-brick-of-soap-smells-like-accomplishment?productId=xlsImpprod16171049
American Crew,hair,14.95,Firm Hold Styling Gel,4.7,94,https://www.ulta.com/firm-hold-styling-gel?productId=xlsImpprod10271100
Montblanc,cologne,92,Legend Spirit Eau de Toilette,4.7,94,https://www.ulta.com/legend-spirit-eau-de-toilette?productId=xlsImpprod13821019
Duke Cannon Supply Co,shaving,13.5,Ice Cold After Shave Balm,4.9,92,https://www.ulta.com/ice-cold-after-shave-balm?productId=xlsImpprod16171039
Jergens,body ,7.99,Shea Butter Moisturizer,4.6,92,https://www.ulta.com/shea-butter-moisturizer?productId=xlsImpprod6430371
Clinique,skincare,29.5,Clinique For Men Broad Spectrum SPF 21 Moisturizer,4.5,92,https://www.ulta.com/clinique-men-broad-spectrum-spf-21-moisturizer?productId=prod2140588
Nioxin,hair,40.42,"Diamax Advanced, Hair Thickening & Breakage Protection Treatment For Thinning Hair",4.5,92,https://www.ulta.com/diamax-advanced-hair-thickening-breakage-protection-treatment-thinning-hair?productId=xlsImpprod11131187
Hugo Boss,cologne,87,BOSS Bottled Eau de Toilette,4.7,90,https://www.ulta.com/boss-bottled-eau-de-toilette?productId=xlsImpprod640336
Hugo Boss,cologne,67,HUGO Man Eau de Toilette,4.7,90,https://www.ulta.com/hugo-man-eau-de-toilette?productId=2261
Clinique,shaving,18.5,Clinique For Men Cream Shave,5,88,https://www.ulta.com/clinique-men-cream-shave?productId=prod2140591
Prada,cologne,94,Luna Rossa Eau de Toilette,4.9,87,https://www.ulta.com/luna-rossa-eau-de-toilette?productId=xlsImpprod5200481
Prada,cologne,94,Luna Rossa Sport Eau de Toilette,4.9,87,https://www.ulta.com/luna-rossa-sport-eau-de-toilette?productId=xlsImpprod12821065
Yves Saint Laurent,cologne,74,La Nuit de L'Homme Eau de Toilette,4.7,84,https://www.ulta.com/la-nuit-de-lhomme-eau-de-toilette?productId=xlsImpprod1610131
Ralph Lauren,cologne,90,Polo Blue Eau de Toilette,4.8,83,https://www.ulta.com/polo-blue-eau-de-toilette?productId=xlsImpprod641032
Calvin Klein,cologne,82,Obsession For Men Eau de Toilette,4.7,82,https://www.ulta.com/obsession-men-eau-de-toilette?productId=prod2021224
Shaveworks,shaving,26,The Cool Fix Targeted Gel Lotion,4.7,82,https://www.ulta.com/cool-fix-targeted-gel-lotion?productId=xlsImpprod5220077
Paco Rabanne,cologne,92,1 Million Eau de Toliette,4.7,80,https://www.ulta.com/1-million-eau-de-toliette?productId=xlsImpprod5580085
Clinique,skincare,29.5,Clinique For Men Oil-Control Mattifying Moisturizer,4.5,80,https://www.ulta.com/clinique-men-oil-control-mattifying-moisturizer?productId=xlsImpprod6470043
Proactiv,skincare,35,Deep Cleansing Wash,4.2,77,https://www.ulta.com/deep-cleansing-wash?productId=xlsImpprod14651035
Dior,cologne,120,Sauvage Eau de Parfum,5,74,https://www.ulta.com/sauvage-eau-de-parfum?productId=xlsImpprod17941005
Jean Paul Gaultier,cologne,94,Le Male Eau de Toilette,4.9,72,https://www.ulta.com/le-male-eau-de-toilette?productId=xlsImpprod2980133
Versace,cologne,88,Dylan Blue Eau de Toilette,4.9,72,https://www.ulta.com/dylan-blue-eau-de-toilette?productId=xlsImpprod14531023
Duke Cannon Supply Co,shaving,25,Best Damn Beard Oil,4.6,71,https://www.ulta.com/best-damn-beard-oil?productId=xlsImpprod16171053
Peter Thomas Roth,skincare,54,AHA/BHA Acne Clearing Gel,4.4,71,https://www.ulta.com/ahabha-acne-clearing-gel?productId=xlsImpprod4930067
Issey Miyake,cologne,94,L'Eau D'Issey Pour Homme Eau de Toilette,4.9,68,https://www.ulta.com/leau-dissey-pour-homme-eau-de-toilette?productId=VP10636
Nioxin,hair,33.75,Night Density Rescue Treatment To Promote Hair Thickness,4.6,67,https://www.ulta.com/night-density-rescue-treatment-promote-hair-thickness?productId=xlsImpprod13881047
Clinique,skincare,19.5,Clinique For Men Face Wash,4.8,66,https://www.ulta.com/clinique-men-face-wash?productId=xlsImpprod6470047
Clinique,skincare,22,Clinique For Men Charcoal Face Wash,4.7,66,https://www.ulta.com/clinique-men-charcoal-face-wash?productId=xlsImpprod12841051
Burberry,cologne,84,Touch For Men Eau de Toilette,4.7,65,https://www.ulta.com/touch-men-eau-de-toilette?productId=xlsImpprod640888
Proactiv,skincare,40,Green Tea Moisturizer,4.5,65,https://www.ulta.com/green-tea-moisturizer?productId=xlsImpprod14651017
Jack Black,skincare,62,Protein Booster Skin Serum,4.9,64,https://www.ulta.com/protein-booster-skin-serum?productId=xlsImpprod3730193
Jack Black,shaving,19,Supreme Cream Triple Cushion Shave Lather,4.7,64,https://www.ulta.com/supreme-cream-triple-cushion-shave-lather?productId=xlsImpprod3730159
Redken,hair,29,"Brews 3-In-1 Shampoo, Conditioner and Body Wash",4.7,63,https://www.ulta.com/brews-3-in-1-shampoo-conditioner-body-wash?productId=xlsImpprod17701073
American Crew,hair,17.96,Pomade,4.5,63,https://www.ulta.com/pomade?productId=xlsImpprod10271120
Tigi,hair,22.99,Bed Head Manipulator Matte Wax,4.3,63,https://www.ulta.com/bed-head-manipulator-matte-wax?productId=xlsImpprod11131157
Calvin Klein,cologne,83,Eternity Aqua For Men Eau de Toilette,4.7,62,https://www.ulta.com/eternity-aqua-men-eau-de-toilette?productId=xlsImpprod2330009
Dermalogica,skincare,22,Clear Start Soothing Hydrating Lotion,4.2,62,https://www.ulta.com/clear-start-soothing-hydrating-lotion?productId=xlsImpprod12881033
Clinique,skincare,16,Clinique For Men Exfoliating Tonic,4.5,61,https://www.ulta.com/clinique-men-exfoliating-tonic?productId=prod2140585
Burberry,cologne,54,Brit For Men Eau de Toilette,4.1,61,https://www.ulta.com/brit-men-eau-de-toilette?productId=xlsImpprod640900
American Crew,hair,17.96,Fiber,4.4,60,https://www.ulta.com/fiber?productId=xlsImpprod10271096
Sebastian,hair,48,Dark Oil,4.9,59,https://www.ulta.com/dark-oil?productId=xlsImpprod14391053
Duke Cannon Supply Co,body ,7.99,Big Ass Brick of Soap - Smells Like Victory,4.8,59,https://www.ulta.com/big-ass-brick-of-soap-smells-like-victory?productId=xlsImpprod16171047
Murad,body ,44,Acne Body Wash,4.1,59,https://www.ulta.com/acne-body-wash?productId=xlsImpprod540250
Redken,hair,18.5,Brews Cream Pomade,4.7,58,https://www.ulta.com/brews-cream-pomade?productId=xlsImpprod17701079
Jack Black,body ,19,Pit Boss Antiperspirant & Deodorant,4.4,58,https://www.ulta.com/pit-boss-antiperspirant-deodorant?productId=xlsImpprod3730177
Ralph Lauren,cologne,88,Polo Eau de Toilette,5,57,https://www.ulta.com/polo-eau-de-toilette?productId=fs354209
Baxter of California,body ,19,Exfoliating Body Bar,4.7,57,https://www.ulta.com/exfoliating-body-bar?productId=xlsImpprod18591013
Redken,hair,17,Brews Holding Gel,4.5,57,https://www.ulta.com/brews-holding-gel?productId=xlsImpprod17701085
Guy Laroche,cologne,65,Drakkar Noir Eau de Toilette,4.6,56,https://www.ulta.com/drakkar-noir-eau-de-toilette?productId=fs688391
Clinique,skincare,19.5,Clinique For Men Oil Control Face Wash,4.5,56,https://www.ulta.com/clinique-men-oil-control-face-wash?productId=xlsImpprod6470049
Redken,hair,18.5,Brews Molding Paste,4.5,56,https://www.ulta.com/brews-molding-paste?productId=xlsImpprod17701077
Yves Saint Laurent,cologne,95,Y Eau de Toilette,5,55,https://www.ulta.com/y-eau-de-toilette?productId=xlsImpprod17891005
Redken,hair,20,Brews Thickening Pomade for Fine/Thinning Hair,4.6,55,https://www.ulta.com/brews-thickening-pomade-finethinning-hair?productId=pimprod2007308
Redken,hair,17,Brews Extra Clean Gel,4.5,54,https://www.ulta.com/brews-extra-clean-gel?productId=pimprod2007307
Redken,hair,18.5,Brews Texture Pomade,4.4,54,https://www.ulta.com/brews-texture-pomade?productId=xlsImpprod17701075
American Crew,hair,23.95,Daily Moisturizing Shampoo,4.3,54,https://www.ulta.com/daily-moisturizing-shampoo?productId=xlsImpprod10271090
Clinique,skincare,29.5,Clinique For Men Moisturizing Lotion,4.3,54,https://www.ulta.com/clinique-men-moisturizing-lotion?productId=xlsImpprod6470045
Clinique,skincare,40,Clinique For Men Anti-Age Moisturizer,3.7,53,https://www.ulta.com/clinique-men-anti-age-moisturizer?productId=xlsImpprod6470041
Feeling Beautiful,skincare,4.29,Pore Cleansing Volcanic Ash Peel-Off Mask,3.7,53,https://www.ulta.com/pore-cleansing-volcanic-ash-peel-off-mask?productId=xlsImpprod18751397
Ahava,skincare,35,Dermud Nourishing Body Cream,4.9,52,https://www.ulta.com/dermud-nourishing-body-cream?productId=xlsImpprod3230221
Gucci,cologne,95,Guilty Black Pour Homme Eau de Toilette,4.8,52,https://www.ulta.com/guilty-black-pour-homme-eau-de-toilette?productId=xlsImpprod5160153
Dolce&Gabbana,cologne,90,Pour Homme Eau de Toilette,4.7,52,https://www.ulta.com/pour-homme-eau-de-toilette?productId=fs685771
Ralph Lauren,cologne,85,Polo Double Black Eau de Toilette,4.6,51,https://www.ulta.com/polo-double-black-eau-de-toilette?productId=VP11935
Clinique,skincare,16,Clinique For Men Oil Control Exfoliating Tonic,4.4,51,https://www.ulta.com/clinique-men-oil-control-exfoliating-tonic?productId=prod2140584
Prada,cologne,94,Luna Rossa Carbon Eau de Toilette,4.9,50,https://www.ulta.com/luna-rossa-carbon-eau-de-toilette?productId=xlsImpprod15781033
Proactiv,skincare,50,Complexion Perfecting Hydrator,4.7,50,https://www.ulta.com/complexion-perfecting-hydrator?productId=xlsImpprod14651015
American Crew,hair,17.96,Forming Cream,4.6,49,https://www.ulta.com/forming-cream?productId=xlsImpprod10271102
Clinique,shaving,18.5,Clinique For Men Aloe Shave Gel,4.6,49,https://www.ulta.com/clinique-men-aloe-shave-gel?productId=xlsImpprod6470051
American Crew,hair,23.95,"3-in-1 Tea Tree Shampoo, Conditioner and Body Wash",4.7,48,https://www.ulta.com/3-in-1-tea-tree-shampoo-conditioner-body-wash?productId=xlsImpprod13762541
Duke Cannon Supply Co,hair,12.99,News Anchor Fiber Pomade,4.7,47,https://www.ulta.com/news-anchor-fiber-pomade?productId=pimprod2002333
Nioxin,hair,43.5,"Intensive Therapy Hair Booster, Hair Cuticle Protection Treatment for Progressed-Thinning Hair",4.3,47,https://www.ulta.com/intensive-therapy-hair-booster-hair-cuticle-protection-treatment-progressed-thinning-hair?productId=xlsImpprod4450429
Baxter of California,hair,33,Daily Fortifying Shampoo,3.7,47,https://www.ulta.com/daily-fortifying-shampoo?productId=xlsImpprod18591031
Hugo Boss,cologne,120,BOSS The Scent Eau De Toilette,4.8,45,https://www.ulta.com/boss-scent-eau-de-toilette?productId=xlsImpprod13611493
Giorgio Armani,cologne,35,Acqua di Giò Pour Homme Eau de Toilette Travel Spray,4.7,45,https://www.ulta.com/acqua-di-gio-pour-homme-eau-de-toilette-travel-spray?productId=xlsImpprod12821085
American Crew,hair,23.95,Daily Shampoo,4.6,45,https://www.ulta.com/daily-shampoo?productId=xlsImpprod12181001
Billy Jealousy,shaving,20,Beard Wash,4.6,45,https://www.ulta.com/beard-wash?productId=xlsImpprod11201029
Tweezerman,shaving,17,G.E.A.R. Facial Hair Scissors,4.2,45,https://www.ulta.com/gear-facial-hair-scissors?productId=xlsImpprod14571017
Billy Jealousy,shaving,20,Beard Control,4.4,44,https://www.ulta.com/beard-control?productId=xlsImpprod11201031
Burberry,cologne,71,Mr. Burberry Eau de Toilette,4.9,43,https://www.ulta.com/mr-burberry-eau-de-toilette?productId=xlsImpprod13891005
Schick,shaving,17.99,Hydro 5 Cartridges,4.6,43,https://www.ulta.com/hydro-5-cartridges?productId=xlsImpprod2460007
Tree Hut,shaving,9.99,Bare Shave Prep Sugar Scrub,4.6,42,https://www.ulta.com/bare-shave-prep-sugar-scrub?productId=xlsImpprod14221003
Jack Black,skincare,30,Face Buff Energizing Scrub,4.3,41,https://www.ulta.com/face-buff-energizing-scrub?productId=xlsImpprod3730153
The Body Shop,body ,15,Tea Tree Body Wash,3.8,41,https://www.ulta.com/tea-tree-body-wash?productId=xlsImpprod5190193
Givenchy,cologne,68,Pi Eau de Toilette,4.7,38,https://www.ulta.com/pi-eau-de-toilette?productId=6993
Kenneth Cole New York,cologne,82,Mankind Eau de Toilette,4.7,38,https://www.ulta.com/mankind-eau-de-toilette?productId=xlsImpprod6481118
Duke Cannon Supply Co,hair,12.99,News Anchor Forming Cream,4.7,37,https://www.ulta.com/news-anchor-forming-cream?productId=xlsImpprod17391047
Gucci,cologne,109,Guilty Intense Pour Homme Eau de Toilette,4.5,37,https://www.ulta.com/guilty-intense-pour-homme-eau-de-toilette?productId=xlsImpprod3820319
American Crew,hair,23.95,Daily Conditioner,4.8,36,https://www.ulta.com/daily-conditioner?productId=xlsImpprod10271088
SheaMoisture,shaving,9.99,Maracuja Oil & Shea Butter Beard Wash,4.7,36,https://www.ulta.com/maracuja-oil-shea-butter-beard-wash?productId=xlsImpprod18491001
Giorgio Armani,shaving,51,Acqua di Giò After Shave Balm,4.8,35,https://www.ulta.com/acqua-di-gio-after-shave-balm?productId=prod2045529
John Varvatos,cologne,72,Artisan Eau de Toilette,4.5,35,https://www.ulta.com/artisan-eau-de-toilette?productId=xlsImpprod1610023
Ralph Lauren,cologne,99,Polo Blue Eau de Parfum,4.8,34,https://www.ulta.com/polo-blue-eau-de-parfum?productId=xlsImpprod14421027
Jimmy Choo,cologne,98,MAN Intense Eau de Toilette,4.7,33,https://www.ulta.com/man-intense-eau-de-toilette?productId=xlsImpprod14631153
Billy Jealousy,shaving,24,Devil's Delight Beard Oil,4.6,33,https://www.ulta.com/devils-delight-beard-oil?productId=xlsImpprod14731003
Phyto,hair,40,PHYTOPOLLÉINE Botanical Scalp Treatment,4.2,33,https://www.ulta.com/phytopolleine-botanical-scalp-treatment?productId=xlsImpprod1260412
Dolce&Gabbana,cologne,90,Light Blue Eau Intense Pour Homme Eau de Parfum,5,32,https://www.ulta.com/light-blue-eau-intense-pour-homme-eau-de-parfum?productId=xlsImpprod16161099
Duke Cannon Supply Co,body ,3.99,"Big Ass Brick of Soap, Jr. - Navel Supremacy 4.5oz",4.8,32,https://www.ulta.com/big-ass-brick-of-soap-jr-navel-supremacy-45oz?productId=pimprod2002244
Azzaro,cologne,91,Wanted Eau de Toilette,4.7,32,https://www.ulta.com/wanted-eau-de-toilette?productId=xlsImpprod16661043
Dolce&Gabbana,cologne,98,The One For Men Eau de Parfum,4.7,32,https://www.ulta.com/one-men-eau-de-parfum?productId=xlsImpprod13751009
Duke Cannon Supply Co,body ,8.5,Cold Shower Cooling Cubes,4.4,32,https://www.ulta.com/cold-shower-cooling-cubes?productId=xlsImpprod16171051
American Crew,hair,17.96,Molding Clay,3.7,32,https://www.ulta.com/molding-clay?productId=xlsImpprod10271116
Sexy Hair,hair,18.95,Style Sexy Hair Slept In Texture Creme,4.4,31,https://www.ulta.com/style-sexy-hair-slept-in-texture-creme?productId=xlsImpprod5770197
John Varvatos,cologne,74,JVxNJ Eau de Toilette,4.8,30,https://www.ulta.com/jvxnj-eau-de-toilette?productId=pimprod2000143
Billy Jealousy,hair,16,Lunatic Fringe Water-Based Pomade,4.3,30,https://www.ulta.com/lunatic-fringe-water-based-pomade?productId=xlsImpprod1450292
Peter Thomas Roth,skincare,39,Acne Clearing Wash,3.8,30,https://www.ulta.com/acne-clearing-wash?productId=xlsImpprod14631163
Kenneth Cole New York,cologne,62,Mankind Hero Eau de Toilette,4.9,29,https://www.ulta.com/mankind-hero-eau-de-toilette?productId=xlsImpprod14211045
Duke Cannon Supply Co,hair,9.99,News Anchor Power Clean Charcoal Shampoo,4.8,29,https://www.ulta.com/news-anchor-power-clean-charcoal-shampoo?productId=pimprod2005300
Redken,hair,18.5,Brews Liquid Matte Paste for Men,4.7,29,https://www.ulta.com/brews-liquid-matte-paste-men?productId=pimprod2009612
Baxter of California,hair,23,Clay Pomade,4,29,https://www.ulta.com/clay-pomade?productId=xlsImpprod18591017
John Varvatos,cologne,72,John Varvatos Eau de Toilette,4.9,28,https://www.ulta.com/john-varvatos-eau-de-toilette?productId=VP12516
Billy Jealousy,shaving,24,Gnarly Sheen Refining Beard Oil,4.4,28,https://www.ulta.com/gnarly-sheen-refining-beard-oil?productId=xlsImpprod12901005
Peter Thomas Roth,skincare,55,Retinol Fusion PM Eye Cream,4,28,https://www.ulta.com/retinol-fusion-pm-eye-cream?productId=xlsImpprod13951011
American Crew,hair,17.95,Light Hold Texture Lotion,4.8,27,https://www.ulta.com/light-hold-texture-lotion?productId=xlsImpprod10271112
Duke Cannon Supply Co,body ,3.99,"Big Ass Brick of Soap, Jr.",4.8,27,https://www.ulta.com/big-ass-brick-of-soap-jr?productId=pimprod2002327
Burberry,cologne,66,Brit Rhythm Eau de Toilette,4.7,27,https://www.ulta.com/brit-rhythm-eau-de-toilette?productId=xlsImpprod5900341
Hustle Butter,body ,49.99,CBD Luxe Miraculous Multipurpose Cream,4.6,27,https://www.ulta.com/cbd-luxe-miraculous-multipurpose-cream?productId=pimprod2007240
Jack Black,body ,30,Cool Moisture Body Lotion,4.7,26,https://www.ulta.com/cool-moisture-body-lotion?productId=xlsImpprod3730175
Jimmy Choo,cologne,35,MAN Eau de Toilette Travel Spray,4.4,26,https://www.ulta.com/man-eau-de-toilette-travel-spray?productId=xlsImpprod13231219
Gucci,cologne,91,Gucci By Gucci Pour Homme Eau de Toilette,4.2,26,https://www.ulta.com/gucci-by-gucci-pour-homme-eau-de-toilette?productId=xlsImpprod1320018
Baxter of California,body ,20,Aluminum-Free Deodorant,3.8,26,https://www.ulta.com/aluminum-free-deodorant?productId=xlsImpprod18591041
Nioxin,hair,39,Scalp Recovery Soothing Serum,3.4,25,https://www.ulta.com/scalp-recovery-soothing-serum?productId=xlsImpprod4450449
Dior,shaving,60,Sauvage After-Shave Balm,4.8,24,https://www.ulta.com/sauvage-after-shave-balm?productId=xlsImpprod14351013
American Crew,hair,14.95,Medium Hold Spray Gel,4.6,24,https://www.ulta.com/medium-hold-spray-gel?productId=xlsImpprod10271114
American Crew,hair,17.96,Defining Paste,4.5,24,https://www.ulta.com/defining-paste?productId=xlsImpprod10271092
American Crew,hair,15.95,Grooming Spray,4.8,23,https://www.ulta.com/grooming-spray?productId=xlsImpprod10271106
Gucci,cologne,76,Made To Measure Pour Homme Eau de Toilette,4.8,23,https://www.ulta.com/made-measure-pour-homme-eau-de-toilette?productId=xlsImpprod5810155
American Crew,hair,14.95,Firm Hold Styling Cream,4.5,23,https://www.ulta.com/firm-hold-styling-cream?productId=xlsImpprod18181003
Giorgio Armani,shaving,51,Acqua di Giò After Shave Lotion,4.5,23,https://www.ulta.com/acqua-di-gio-after-shave-lotion?productId=prod2023547
Redken,hair,18.5,Brews Instant Hair Thickening Spray,4.5,23,https://www.ulta.com/brews-instant-hair-thickening-spray?productId=pimprod2009614
Prada,cologne,94,Online Only Amber Pour Homme Eau de Toilette,4.8,22,https://www.ulta.com/amber-pour-homme-eau-de-toilette?productId=VP11861
American Crew,hair,17.96,Grooming Cream,4.5,22,https://www.ulta.com/grooming-cream?productId=xlsImpprod10271104
Billy Jealousy,hair,16,Headlock Hair Molding Cream,4.5,22,https://www.ulta.com/headlock-hair-molding-cream?productId=xlsImpprod2300095
Baxter of California,skincare,36,Super Shape Skin Recharge Cream,4,22,https://www.ulta.com/super-shape-skin-recharge-cream?productId=xlsImpprod18591009
Dior,cologne,79,Homme Cologne Eau de Toilette,5,21,https://www.ulta.com/homme-cologne-eau-de-toilette?productId=xlsImpprod13231215
Clinique,skincare,33,Clinique For Men Anti-Fatigue Eye Gel,4.4,21,https://www.ulta.com/clinique-men-anti-fatigue-eye-gel?productId=xlsImpprod3620081
Toppik,hair,17.95,Hair Fattener,4.6,20,https://www.ulta.com/hair-fattener?productId=xlsImpprod6480284
Paul Mitchell,hair,36,MITCH Double Hitter 2-in-1 Shampoo & Conditioner,4.5,20,https://www.ulta.com/mitch-double-hitter-2-in-1-shampoo-conditioner?productId=xlsImpprod13881097
American Crew,hair,14.95,Light Hold Styling Gel,4.3,20,https://www.ulta.com/light-hold-styling-gel?productId=xlsImpprod10271110
Pura d'or,hair,14.99,Hair Thinning Therapy Conditioner ,4.3,20,https://www.ulta.com/hair-thinning-therapy-conditioner?productId=xlsImpprod15751043
Sexy Hair,hair,17.95,Style Sexy Hair Shaping Creme Pliable Shaping Creme,4,20,https://www.ulta.com/style-sexy-hair-shaping-creme-pliable-shaping-creme?productId=xlsImpprod5770195
Clinique,skincare,45.5,Clinique For Men Anti-Fatigue Hydrating Concentrate SPF 25,3.8,20,https://www.ulta.com/clinique-men-anti-fatigue-hydrating-concentrate-spf-25?productId=xlsImpprod19011103
Paul Mitchell,hair,18,MITCH Reformer Texturizing Hair Putty,4.7,19,https://www.ulta.com/mitch-reformer-texturizing-hair-putty?productId=xlsImpprod13881105
American Crew,body ,12.75,24-Hour Deodorant Body Wash,4.6,19,https://www.ulta.com/24-hour-deodorant-body-wash?productId=xlsImpprod10271072
Tigi,hair,9.99,Bed Head Mini Manipulator,3.9,19,https://www.ulta.com/bed-head-mini-manipulator?productId=xlsImpprod18281001
Duke Cannon Supply Co,hair,9.99,News Anchor Power Clean Mint Conditioner,5,18,https://www.ulta.com/news-anchor-power-clean-mint-conditioner?productId=pimprod2005299
Giorgio Armani,cologne,28,Acqua di Giò Deodorant Spray,4.8,18,https://www.ulta.com/acqua-di-gio-deodorant-spray?productId=xlsImpprod5390053
John Varvatos,cologne,72,Vintage Eau de Toilette,4.8,18,https://www.ulta.com/vintage-eau-de-toilette?productId=xlsImpprod640832
Prada,cologne,102,Luna Rossa Black Eau de Parfum,4.7,18,https://www.ulta.com/luna-rossa-black-eau-de-parfum?productId=xlsImpprod18731053
Jack Black,shaving,20,Post Shave Cooling Gel,4.5,18,https://www.ulta.com/post-shave-cooling-gel?productId=xlsImpprod3730157
Bosley,hair,34.95,Bosley Pro Hair Regrowth Treatment Extra Strength for Men,4.4,18,https://www.ulta.com/bosley-pro-hair-regrowth-treatment-extra-strength-men?productId=xlsImpprod5370071
Gucci,cologne,76,Guilty EAU Pour Homme Eau de Toilette,4.9,17,https://www.ulta.com/guilty-eau-pour-homme-eau-de-toilette?productId=xlsImpprod13521019
Azzaro,cologne,87,Chrome Pure Eau de Toilette,4.8,17,https://www.ulta.com/chrome-pure-eau-de-toilette?productId=xlsImpprod15351015
House 99 by David Beckham,skincare,20,Purefectly Clean Face Wash,5,16,https://www.ulta.com/purefectly-clean-face-wash?productId=xlsImpprod17561033
Montblanc,cologne,98,Legend Night Eau de Parfum,5,16,https://www.ulta.com/legend-night-eau-de-parfum?productId=xlsImpprod17941007
Hustle Butter,body ,19.99,Deluxe Luxury Tattoo Care & Maintenance Cream,4.8,16,https://www.ulta.com/deluxe-luxury-tattoo-care-maintenance-cream?productId=pimprod2007238
Duke Cannon Supply Co,hair,9.99,News Anchor Quick Fix Dry Shampoo,4.7,16,https://www.ulta.com/news-anchor-quick-fix-dry-shampoo?productId=pimprod2005298
Nioxin,hair,26.98,5% Minoxidil Hair Regrowth Treatment For Men,4.6,16,https://www.ulta.com/5-minoxidil-hair-regrowth-treatment-men?productId=xlsImpprod12291933
Toppik,hair,9.95,FiberHold Spray,4.3,16,https://www.ulta.com/fiberhold-spray?productId=xlsImpprod5870264
Toppik,hair,19.95,Hair Perfecting Duo,3.6,16,https://www.ulta.com/hair-perfecting-duo?productId=xlsImpprod13881081
Yves Saint Laurent,cologne,108,L'Homme Eau de Parfum Intense,4.8,15,https://www.ulta.com/lhomme-eau-de-parfum-intense?productId=xlsImpprod12521159
Duke Cannon Supply Co,body ,9.99,Big Ass Beer Soap on a Rope,4.5,15,https://www.ulta.com/big-ass-beer-soap-on-a-rope?productId=pimprod2000410
Bosley,hair,39.95,Bosley Pro BosRevive Thickening Treatment For Color-Treated Hair,4.3,15,https://www.ulta.com/bosley-pro-bosrevive-thickening-treatment-color-treated-hair?productId=xlsImpprod5370065
Pura d'or,hair,24.99,Hair Thinning Therapy Energizing Scalp Serum,3.7,15,https://www.ulta.com/hair-thinning-therapy-energizing-scalp-serum?productId=xlsImpprod15751037
Tigi,hair,11.5,Bed Head for Men Daily Clean Up Shampoo,4.9,14,https://www.ulta.com/bed-head-men-daily-clean-up-shampoo?productId=xlsImpprod11201013
Dior,cologne,79,Sauvage Very Cool Spray,4.8,14,https://www.ulta.com/sauvage-very-cool-spray?productId=xlsImpprod16111012
Dior,cologne,99,Homme Sport Eau de Toilette,4.7,14,https://www.ulta.com/homme-sport-eau-de-toilette?productId=xlsImpprod13231217
Givenchy,cologne,93,Gentlemen Only Eau de Toilette,4.7,14,https://www.ulta.com/gentlemen-only-eau-de-toilette?productId=xlsImpprod5220023
Dior,cologne,95,Fahrenheit Eau de Toilette,4.66,14,https://www.ulta.com/fahrenheit-eau-de-toilette?productId=xlsImpprod13231207
Baxter of California,skincare,23,Daily Face Wash,4.6,14,https://www.ulta.com/daily-face-wash?productId=xlsImpprod18591007
John Varvatos,cologne,72,Artisan Blu Eau de Toilette,4.6,14,https://www.ulta.com/artisan-blu-eau-de-toilette?productId=xlsImpprod13891007
Tigi,hair,16.5,Bed Head For Men Power Play Firm Finish Gel,4.4,14,https://www.ulta.com/bed-head-men-power-play-firm-finish-gel?productId=xlsImpprod11201019
American Crew,hair,11.95,Superglue,4.2,14,https://www.ulta.com/superglue?productId=xlsImpprod10271132
Jack Black,body ,15,Performance Remedy Turbo Body Bar Scrubbing Soap,4.9,13,https://www.ulta.com/performance-remedy-turbo-body-bar-scrubbing-soap?productId=xlsImpprod5200451
Tweezerman,shaving,21,G.E.A.R. Ingrown Hair/Splintertweeze Stainless Steel Tweezer,4.5,13,https://www.ulta.com/gear-ingrown-hairsplintertweeze-stainless-steel-tweezer?productId=xlsImpprod14571013
SheaMoisture,shaving,9.99,Maracuja Oil & Shea Butter Full Beard Detangler,5,12,https://www.ulta.com/maracuja-oil-shea-butter-full-beard-detangler?productId=xlsImpprod18491003
18.21 Man Made,hair,42,"Shampoo, Conditioner and Body Wash",4.8,12,https://www.ulta.com/shampoo-conditioner-body-wash?productId=pimprod2004969
American Crew,shaving,17.95,Beard Serum,4.7,12,https://www.ulta.com/beard-serum?productId=xlsImpprod15911029
House 99 by David Beckham,hair,25,Smooth Back Shaping Pomade,4.6,12,https://www.ulta.com/smooth-back-shaping-pomade?productId=xlsImpprod17561019
Clinique,skincare,33,Clinique for Men Anti-Age Eye Cream,4.1,12,https://www.ulta.com/clinique-men-anti-age-eye-cream?productId=xlsImpprod2200049
Baxter of California,skincare,28,Under Eye Complex,4.9,11,https://www.ulta.com/under-eye-complex?productId=xlsImpprod18591047
Ralph Lauren,cologne,95,Polo Red Extreme Eau de Parfum,4.7,11,https://www.ulta.com/polo-red-extreme-eau-de-parfum?productId=xlsImpprod15601059
MUGLER,cologne,90,A*Men Eau de Toilette Flask,4.7,11,https://www.ulta.com/amen-eau-de-toilette-flask?productId=xlsImpprod3920123
SheaMoisture,shaving,9.99,Maracuja Oil & Shea Butter Beard Balm,4.7,11,https://www.ulta.com/maracuja-oil-shea-butter-beard-balm?productId=xlsImpprod18491005
American Crew,hair,14.95,Matte Styling Cream,4.2,11,https://www.ulta.com/matte-styling-cream?productId=xlsImpprod10271134
Pura d'or,hair,14.99,Natural Hold Styling Spray,4.2,11,https://www.ulta.com/natural-hold-styling-spray?productId=xlsImpprod15751039
Coach,cologne,32,For Men Eau de Toilette Travel Spray,5,10,https://www.ulta.com/men-eau-de-toilette-travel-spray?productId=xlsImpprod17941011
Baxter of California,body ,18,Vitamin Cleansing Bar,4.8,10,https://www.ulta.com/vitamin-cleansing-bar?productId=xlsImpprod18591027
Bvlgari,cologne,113,Man In Black Eau de Parfum,4.7,10,https://www.ulta.com/man-in-black-eau-de-parfum?productId=xlsImpprod11271073
Duke Cannon Supply Co,body ,9.99,Cold Shower Field Towels Face & Body Wipes,4.6,10,https://www.ulta.com/cold-shower-field-towels-face-body-wipes?productId=pimprod2002335
Baxter of California,hair,23,Hard Cream Pomade,4.4,10,https://www.ulta.com/hard-cream-pomade?productId=xlsImpprod18591039
Dior,shaving,60,Fahrenheit Aftershave Splash,4.3,10,https://www.ulta.com/fahrenheit-aftershave-splash?productId=xlsImpprod13231209
Hugo Boss,cologne,72,BOSS Bottled Night Eau de Toilette,4.2,10,https://www.ulta.com/boss-bottled-night-eau-de-toilette?productId=xlsImpprod4760675
Burberry,cologne,84,Brit Splash Eau De Toilette,5,9,https://www.ulta.com/brit-splash-eau-de-toilette?productId=xlsImpprod12191159
Azzaro,cologne,65,Pour Homme Eau de Toilette,4.8,9,https://www.ulta.com/pour-homme-eau-de-toilette?productId=2326
Gillette,shaving,19.99,Fusion Power Cartridges,4.8,9,https://www.ulta.com/fusion-power-cartridges?productId=xlsImpprod3780129
Ralph Lauren,cologne,40,Polo Black Travel Spray,4.8,9,https://www.ulta.com/polo-black-travel-spray?productId=xlsImpprod1690039
House 99 by David Beckham,shaving,27,Softer Touch Beard Oil,4.7,9,https://www.ulta.com/softer-touch-beard-oil?productId=xlsImpprod17561031
Jack Black,hair,28,True Volume Thickening Shampoo,4.7,9,https://www.ulta.com/true-volume-thickening-shampoo?productId=xlsImpprod12261199
Calvin Klein,cologne,90,Eternity Intense For Men Eau de Toilette,4.6,9,https://www.ulta.com/eternity-intense-men-eau-de-toilette?productId=xlsImpprod15471001
Clinique,skincare,14.5,Clinique For Men Starter Kit - Daily Intense Hydration,4.6,9,https://www.ulta.com/clinique-men-starter-kit-daily-intense-hydration?productId=xlsImpprod18451213
Every Man Jack,body ,6.39,Citrus Body Wash Scrub,4.6,9,https://www.ulta.com/citrus-body-wash-scrub?productId=xlsImpprod10711319
Giorgio Armani,shaving,51,Armani Code After Shave Lotion,4.6,9,https://www.ulta.com/armani-code-after-shave-lotion?productId=xlsImpprod640938
Nioxin,hair,16.5,"Scalp Optimizing Cleanser, Shampoo For Advanced Thinning Hair",4.6,9,https://www.ulta.com/scalp-optimizing-cleanser-shampoo-advanced-thinning-hair?productId=xlsImpprod12291927
Bosley,hair,18.95,Bosley Pro BosVolumize Styling Hairspray,4.4,9,https://www.ulta.com/bosley-pro-bosvolumize-styling-hairspray?productId=xlsImpprod16681055
Jack Black,hair,23,Wax Pomade,4.1,9,https://www.ulta.com/wax-pomade?productId=xlsImpprod12261213
Aramis,body ,28,24 Hour Deodorant Stick,4,9,https://www.ulta.com/24-hour-deodorant-stick?productId=xlsImpprod640936
Dr. Bronner's,shaving,9.99,Lavender Shaving Soap,3.9,9,https://www.ulta.com/lavender-shaving-soap?productId=xlsImpprod16541387
Baxter of California,body ,19,Deep Cleansing Bar Charcoal Clay,5,8,https://www.ulta.com/deep-cleansing-bar-charcoal-clay?productId=xlsImpprod18591023
Baxter of California,shaving,18,Shave Tonic,5,8,https://www.ulta.com/shave-tonic?productId=xlsImpprod18591025
Paco Rabanne,cologne,100,Invictus Intense Eau de Toilette,5,8,https://www.ulta.com/invictus-intense-eau-de-toilette?productId=xlsImpprod16841007
Billy Jealousy,shaving,16,Devil's Delight Beard Balm,4.9,8,https://www.ulta.com/devils-delight-beard-balm?productId=xlsImpprod18181039
American Crew,hair,17.95,Heavy Hold Pomade,4.8,8,https://www.ulta.com/heavy-hold-pomade?productId=xlsImpprod15911041
Baxter of California,hair,23,Cream Pomade,4.8,8,https://www.ulta.com/cream-pomade?productId=xlsImpprod18591019
Clinique,body ,39.5,Clinique For Men Maximum Hydrator Activated Water-Gel Concentrate,4.8,8,https://www.ulta.com/clinique-men-maximum-hydrator-activated-water-gel-concentrate?productId=xlsImpprod15841061
Redken,hair,11,Brews Cleanse Bar,4.6,8,https://www.ulta.com/brews-cleanse-bar?productId=xlsImpprod17701089
Billy Jealousy,shaving,16,Tin Man Beard Wax,4.5,8,https://www.ulta.com/tin-man-beard-wax?productId=xlsImpprod15861175
Hugo Boss,cologne,89,BOSS Bottled Tonic Eau de Toilette,4.5,8,https://www.ulta.com/boss-bottled-tonic-eau-de-toilette?productId=xlsImpprod16841005
Azzaro,cologne,45,Chrome United Eau de Toilette,4.4,8,https://www.ulta.com/chrome-united-eau-de-toilette?productId=xlsImpprod5890140
Every Man Jack,body ,6.39,Cedarwood Deodorant,4.3,8,https://www.ulta.com/cedarwood-deodorant?productId=xlsImpprod10711317
Tigi,hair,16.5,Bed Head For Men Pure Texture Molding Paste,3.6,8,https://www.ulta.com/bed-head-men-pure-texture-molding-paste?productId=xlsImpprod11201017
Calvin Klein,cologne,85,Obsessed For Men Eau de Toilette,5,7,https://www.ulta.com/obsessed-men-eau-de-toilette?productId=xlsImpprod16841003
House 99 by David Beckham,skincare,26,Truly Brighter Eye Balm,5,7,https://www.ulta.com/truly-brighter-eye-balm?productId=xlsImpprod17561029
Ralph Lauren,cologne,88,Polo Ultra Blue Eau de Toilette,4.9,7,https://www.ulta.com/polo-ultra-blue-eau-de-toilette?productId=xlsImpprod17941015
Billy Jealousy,shaving,25,Beard Quencher,4.6,7,https://www.ulta.com/beard-quencher?productId=xlsImpprod16541011
Every Man Jack,hair,7.99,2 in 1 Thickening Shampoo + Conditioner,4.6,7,https://www.ulta.com/2-in-1-thickening-shampoo-conditioner?productId=xlsImpprod10711333
Duke Cannon Supply Co,body ,0.75,Cold Shower Cooling Towel Single,4.4,7,https://www.ulta.com/cold-shower-cooling-towel-single?productId=pimprod2002338
Bosley,hair,39.95,Bosley Pro BosRevive Thickening Treatment For Non Color-Treated Hair,4.3,7,https://www.ulta.com/bosley-pro-bosrevive-thickening-treatment-non-color-treated-hair?productId=xlsImpprod5370063
American Crew,hair,17.95,Fiber Cream,4.1,7,https://www.ulta.com/fiber-cream?productId=xlsImpprod18181005
Aquaphor,body ,7.49,Touch-Free Healing Ointment,4.1,7,https://www.ulta.com/touch-free-healing-ointment?productId=xlsImpprod11821029
Dior,body ,25,Sauvage Deodorant Stick,4.1,7,https://www.ulta.com/sauvage-deodorant-stick?productId=xlsImpprod14351009
18.21 Man Made,hair,24,Wax,3.9,7,https://www.ulta.com/wax?productId=pimprod2005011
Truly,skincare,26,Super Matcha Facial Cleanser,3.4,7,https://www.ulta.com/super-matcha-facial-cleanser?productId=pimprod2010496
Baxter of California,hair,27,Clay Effect Style Spray,3.3,7,https://www.ulta.com/clay-effect-style-spray?productId=xlsImpprod18591015
Billy Jealousy,shaving,16,Original Gangster Beard Balm,5,6,https://www.ulta.com/original-gangster-beard-balm?productId=xlsImpprod18571051
Duke Cannon Supply Co,shaving,13.5,Best Damn Beard Balm,5,6,https://www.ulta.com/best-damn-beard-balm?productId=xlsImpprod16171055
Paul Mitchell,hair,15,MITCH Steady Grip Hair Gel,5,6,https://www.ulta.com/mitch-steady-grip-hair-gel?productId=xlsImpprod13881099
Baxter of California,hair,20,Grooming Cream,4.8,6,https://www.ulta.com/grooming-cream?productId=xlsImpprod18591051
Baxter of California,shaving,19,After Shave Balm,4.8,6,https://www.ulta.com/after-shave-balm?productId=xlsImpprod18591045
Billy Jealousy,shaving,24,Beardo's Bounty Beard Oil,4.7,6,https://www.ulta.com/beardos-bounty-beard-oil?productId=xlsImpprod14731007
CeraVe,body ,19.99,Moisturizing Cream For Normal To Dry Skin With Pump,4.7,6,https://www.ulta.com/moisturizing-cream-normal-dry-skin-with-pump?productId=pimprod2008820
Every Man Jack,body ,6.39,Cedarwood Body Wash,4.7,6,https://www.ulta.com/cedarwood-body-wash?productId=xlsImpprod10711315
Jack Black,hair,32,Double-Header Shampoo + Conditioner,4.7,6,https://www.ulta.com/double-header-shampoo-conditioner?productId=xlsImpprod12261203
Baxter of California,shaving,27,Beard Oil for All Skin Types,4.5,6,https://www.ulta.com/beard-oil-all-skin-types?productId=xlsImpprod18591043
Jack Black,hair,22,Nourishing Hair & Scalp Conditioner,4.5,6,https://www.ulta.com/nourishing-hair-scalp-conditioner?productId=xlsImpprod12261201
Baxter of California,skincare,32,Oil Free Moisturizer SPF 15,4.3,6,https://www.ulta.com/oil-free-moisturizer-spf-15?productId=xlsImpprod18591011
Clinique,skincare,14.5,Clinique For Men Starter Kit - Daily Age Repair,4.3,6,https://www.ulta.com/clinique-men-starter-kit-daily-age-repair?productId=xlsImpprod18451217
Paul Mitchell,hair,18,MITCH Clean Cut Styling Hair Cream,4.3,6,https://www.ulta.com/mitch-clean-cut-styling-hair-cream?productId=xlsImpprod13881101
Paul Mitchell,hair,26,MITCH Heavy Hitter Deep Cleansing Shampoo,4.3,6,https://www.ulta.com/mitch-heavy-hitter-deep-cleansing-shampoo?productId=xlsImpprod13881107
Clinique,skincare,14.5,Clinique For Men Starter Kit - Daily Oil Control,4.2,6,https://www.ulta.com/clinique-men-starter-kit-daily-oil-control?productId=xlsImpprod18451215
Clinique,skincare,25,Clinique For Men Super Energizer Anti-Fatigue Exfoliating Powder Cleanser,3.7,6,https://www.ulta.com/clinique-men-super-energizer-anti-fatigue-exfoliating-powder-cleanser?productId=xlsImpprod18791007
American Crew,shaving,12.95,Moisturizing Shave Cream,3.5,6,https://www.ulta.com/moisturizing-shave-cream?productId=xlsImpprod15911035
Redken,hair,18.5,Brews Finishing Cream,3.3,6,https://www.ulta.com/brews-finishing-cream?productId=xlsImpprod17701071
Dior,body ,40,Sauvage Shower Gel,5,5,https://www.ulta.com/sauvage-shower-gel?productId=xlsImpprod14351011
Jack Black,body ,15,Charcoal Body Bar Massaging Soap,5,5,https://www.ulta.com/charcoal-body-bar-massaging-soap?productId=xlsImpprod18431018
Redken,hair,29,Brews Mint Shampoo,5,5,https://www.ulta.com/brews-mint-shampoo?productId=xlsImpprod17701083
Clinique,skincare,39.5,Clinique For Men Maximum Hydrator 72-Hour Auto-Replenishing Hydrator,4.8,5,https://www.ulta.com/clinique-men-maximum-hydrator-72-hour-auto-replenishing-hydrator?productId=pimprod2007073
Redken,hair,29,Brews Daily Shampoo,4.8,5,https://www.ulta.com/brews-daily-shampoo?productId=xlsImpprod17701087
Yves Saint Laurent,cologne,95,L'Homme Cologne Bleue Eau de Toilette ,4.8,5,https://www.ulta.com/lhomme-cologne-bleue-eau-detoilette?productId=pimprod2005973
American Crew,skincare,16.95,All-In-One Face Balm Broad Spectrum SPF 15,4.6,5,https://www.ulta.com/all-in-one-face-balm-broad-spectrum-spf-15?productId=xlsImpprod15911043
House 99 by David Beckham,shaving,22,Get Groomed Purifying Beard Scrub,4.6,5,https://www.ulta.com/get-groomed-purifying-beard-scrub?productId=xlsImpprod17561035
Redken,hair,18.5,Brews Wax Pomade,4.6,5,https://www.ulta.com/brews-wax-pomade?productId=xlsImpprod17701045
Baby Foot,body ,25,Original Exfoliant Foot Peel for Men,4.2,5,https://www.ulta.com/original-exfoliant-foot-peel-men?productId=pimprod2000205
Clinique,skincare,34,Clinique For Men Maximum Hydrator Eye 96-Hour Hydro-Filler Concentrate,4,5,https://www.ulta.com/clinique-men-maximum-hydrator-eye-96-hour-hydro-filler-concentrate?productId=pimprod2007075
Redken,hair,17,Brews Extreme Gel,4,5,https://www.ulta.com/brews-extreme-gel?productId=xlsImpprod17701065
Dolce&Gabbana,body ,29,Light Blue Pour Homme Deodorant Stick,3.8,5,https://www.ulta.com/light-blue-pour-homme-deodorant-stick?productId=prod2152033
Jack Black,skincare,40,Protein Booster Eye Rescue,3.8,5,https://www.ulta.com/protein-booster-eye-rescue?productId=xlsImpprod3730191
Every Man Jack,body ,6.39,Fresh Scent Deodorant,3,5,https://www.ulta.com/fresh-scent-deodorant?productId=xlsImpprod17071345
Dr. Bronner's,shaving,9.99,Tea Tree Shaving Soap,2.6,5,https://www.ulta.com/tea-tree-shaving-soap?productId=xlsImpprod16541389
Bic,shaving,6.99,Men's Flex 5 Razor,5,4,https://www.ulta.com/mens-flex-5-razor?productId=xlsImpprod18501127
Billy Jealousy,body ,20,Devil's Delight Body Wash,5,4,https://www.ulta.com/devils-delight-body-wash?productId=pimprod2008312
Conair,shaving,14.99,ConairMan Lithium Dry Cell All-In-One Beard/Mustache Trimmer,5,4,https://www.ulta.com/conairman-lithium-dry-cell-all-in-one-beardmustache-trimmer?productId=pimprod2005714
Frederick Benjamin,shaving,18,Bump Clear Post Shave & Razor Bump Cream,5,4,https://www.ulta.com/bump-clear-post-shave-razor-bump-cream?productId=xlsImpprod17701023
Givenchy,cologne,94,Gentleman Eau de Toilette,5,4,https://www.ulta.com/gentleman-eau-de-toilette?productId=xlsImpprod17441037
John Varvatos,cologne,72,Artisan Pure Eau de Toilette,5,4,https://www.ulta.com/artisan-pure-eau-de-toilette?productId=xlsImpprod17441033
Kiehl's Since 1851,skincare,24,Oil Eliminator Deep Cleansing Exfoliating Face Wash,5,4,https://www.ulta.com/oil-eliminator-deep-cleansing-exfoliating-face-wash?productId=pimprod2002895
Lacoste,cologne,79,Live Eau de Toilette,5,4,https://www.ulta.com/live-eau-de-toilette?productId=xlsImpprod10801009
Paul Mitchell,hair,15,MITCH Construction Paste Styling Hair Paste,5,4,https://www.ulta.com/mitch-construction-paste-styling-hair-paste?productId=xlsImpprod13881103
18.21 Man Made,hair,24,Clay,4.8,4,https://www.ulta.com/clay?productId=pimprod2005008
American Crew,hair,17.95,Cream Pomade,4.8,4,https://www.ulta.com/cream-pomade?productId=xlsImpprod18181001
Billy Jealousy,shaving,40,O.G. Beard Kit,4.8,4,https://www.ulta.com/og-beard-kit?productId=xlsImpprod18571053
Baxter of California,body ,34,Hydro Salve Body Lotion,4.5,4,https://www.ulta.com/hydro-salve-body-lotion?productId=xlsImpprod18591035
Billy Jealousy,shaving,24,Original Gangster Beard Oil,4.5,4,https://www.ulta.com/original-gangster-beard-oil?productId=xlsImpprod18571049
Double Dare,skincare,8.5,OMG! Man In Black Peel Off Mask Kit,4.5,4,https://www.ulta.com/omg-man-in-black-peel-off-mask-kit?productId=xlsImpprod17591027
Redken,hair,18.5,Brews Clay Pomade,4.3,4,https://www.ulta.com/brews-clay-pomade?productId=xlsImpprod17701067
Kiehl's Since 1851,body ,16,Body Fuel Antiperspirant Deodorant,4,4,https://www.ulta.com/body-fuel-antiperspirant-deodorant?productId=pimprod2002952
MUGLER,cologne,85,A*Men Refillable Eau de Toilette,4,4,https://www.ulta.com/amen-refillable-eau-de-toilette?productId=xlsImpprod3920125
Paco Rabanne,cologne,72,Invictus Aqua Eau de Toilette,4,4,https://www.ulta.com/invictus-aqua-eau-de-toilette?productId=xlsImpprod18811013
Redken,hair,18.5,Brews Fiber Cream,4,4,https://www.ulta.com/brews-fiber-cream?productId=xlsImpprod17701063
Givenchy,cologne,104,Gentleman Eau de Parfum,3.8,4,https://www.ulta.com/gentleman-eau-de-parfum?productId=xlsImpprod18811015
Billy Jealousy,shaving,25,Devil's Delight Beard Envy Kit,3.5,4,https://www.ulta.com/devils-delight-beard-envy-kit?productId=pimprod2008313
Every Man Jack,hair,7.99,2-in1 Anti-Dandruff Shampoo + Conditioner,3.5,4,https://www.ulta.com/2-in1-anti-dandruff-shampoo-conditioner?productId=xlsImpprod17361147
Remington,shaving,41.19,The Virtually Indestructible Haircut & Beard Trimmer,3.5,4,https://www.ulta.com/virtually-indestructible-haircut-beard-trimmer?productId=xlsImpprod16461081
Every Man Jack,body ,6.39,Citrus Deodorant,2.8,4,https://www.ulta.com/citrus-deodorant?productId=xlsImpprod10711335
18.21 Man Made,shaving,24,Shaving Glide,5,3,https://www.ulta.com/shaving-glide?productId=pimprod2004968
Azzaro,cologne,67,Pour Homme Intense Eau de Parfum,5,3,https://www.ulta.com/pour-homme-intense-eau-de-parfum?productId=xlsImpprod13141023
Bic,shaving,9.49,Men's Flex 5 Hybrid Razor,5,3,https://www.ulta.com/mens-flex-5-hybrid-razor?productId=xlsImpprod18501121
Billy Jealousy,shaving,20,Devil's Delight Beard Wash,5,3,https://www.ulta.com/devils-delight-beard-wash?productId=pimprod2008314
Calvin Klein,cologne,83,Eternity Air For Men Eau de Parfum,5,3,https://www.ulta.com/eternity-air-men-eau-de-parfum?productId=xlsImpprod18431026
Every Man Jack,body ,5.99,Speed Shower Face & Body Wipes Sensitive Skin,5,3,https://www.ulta.com/speed-shower-face-body-wipes-sensitive-skin?productId=xlsImpprod17071343
Every Man Jack,shaving,9.59,Cedarwood Beard Oil,5,3,https://www.ulta.com/cedarwood-beard-oil?productId=xlsImpprod17361153
Kenneth Cole New York,cologne,82,Mankind Legacy Eau de Toilette,5,3,https://www.ulta.com/mankind-legacy-eau-de-toilette?productId=pimprod2008750
Schick,shaving,12.99,Hydro 5 Sense Razor,5,3,https://www.ulta.com/hydro-5-sense-razor?productId=pimprod2005699
Shaveworks,body ,29,Pearl Luxe Hydrating Body Lotion,5,3,https://www.ulta.com/pearl-luxe-hydrating-body-lotion?productId=xlsImpprod13141019
Billy Jealousy,shaving,44,Three Amigos Beard Oil Trio Set,4.7,3,https://www.ulta.com/three-amigos-beard-oil-trio-set?productId=xlsImpprod18411058
Burberry,cologne,93,Mr. Burberry Indigo Eau de Toilette,4.7,3,https://www.ulta.com/mr-burberry-indigo-eau-de-toilette?productId=xlsImpprod18431046
Every Man Jack,shaving,5.99,Shave Cream,4.7,3,https://www.ulta.com/shave-cream?productId=xlsImpprod10711339
House 99 by David Beckham,body ,18.97,Bold Statement Tattoo Body Moisturising Cream SPF 50,4.7,3,https://www.ulta.com/bold-statement-tattoo-body-moisturising-cream-spf-50?productId=xlsImpprod18471009
Redken,hair,29,Brews Extra Clean Shampoo,4.7,3,https://www.ulta.com/brews-extra-clean-shampoo?productId=xlsImpprod17701069
Azzaro,cologne,87,Chrome Intense Eau de Toilette,4.3,3,https://www.ulta.com/chrome-intense-eau-de-toilette?productId=xlsImpprod13141021
Jack Black,skincare,38,Power Peel Multi-Acid Resurfacing Pads,4.3,3,https://www.ulta.com/power-peel-multi-acid-resurfacing-pads?productId=xlsImpprod4840117
Baxter of California,body ,33,Invigorating Body Wash,3.7,3,https://www.ulta.com/invigorating-body-wash?productId=xlsImpprod18591033
Dolce&Gabbana,body ,29,The One For Men Deodorant Stick,3.7,3,https://www.ulta.com/one-men-deodorant-stick?productId=xlsImpprod1110484
Every Man Jack,skincare,5.99,Face Scrub,3.7,3,https://www.ulta.com/face-scrub?productId=xlsImpprod10711337
Every Man Jack,shaving,10.39,Cedarwood Beard Wash,3.7,3,https://www.ulta.com/cedarwood-beard-wash?productId=xlsImpprod18861001
Frederick Benjamin,hair,33,Invigorating Shampoo for Normal to Dry Scalp and Hair,3.7,3,https://www.ulta.com/invigorating-shampoo-normal-dry-scalp-hair?productId=xlsImpprod17701013
Kiehl's Since 1851,shaving,18,Blue Astringent Herbal Lotion,3.7,3,https://www.ulta.com/blue-astringent-herbal-lotion?productId=pimprod2002905
RapidHair,hair,89.95,Hair Volume Formula,3.7,3,https://www.ulta.com/hair-volume-formula?productId=xlsImpprod14641147
Viviscal,hair,44.99,Men's Hair Supplements,3.7,3,https://www.ulta.com/mens-hair-supplements?productId=xlsImpprod13151251
Yes to,skincare,2.99,Natural Men Charcoal Detox Paper Mask,3.7,3,https://www.ulta.com/natural-men-charcoal-detox-paper-mask?productId=xlsImpprod16411069
Billy Jealousy,hair,16,Devil's Delight Matte Pomade,3.3,3,https://www.ulta.com/devils-delight-matte-pomade?productId=pimprod2008151
Baxter of California,shaving,18,Beard Line-Up Shave Gel,5,2,https://www.ulta.com/beard-line-up-shave-gel?productId=xlsImpprod18591029
Billy Jealousy,shaving,20,Scruff Exfoliating Wash,5,2,https://www.ulta.com/scruff-exfoliating-wash?productId=pimprod2005322
Billy Jealousy,hair,16,Sculpt Friction Hair Paste,5,2,https://www.ulta.com/sculpt-friction-hair-paste?productId=xlsImpprod18571055
Dior,shaving,60,Sauvage After-Shave Lotion,5,2,https://www.ulta.com/sauvage-after-shave-lotion?productId=xlsImpprod13611461
Frederick Benjamin,hair,12,Daily Hydrator Hair Styling Cream,5,2,https://www.ulta.com/daily-hydrator-hair-styling-cream?productId=xlsImpprod17701017
Frederick Benjamin,hair,33,Invigorating Conditioner for Normal to Dry Scalp and Hair,5,2,https://www.ulta.com/invigorating-conditioner-normal-dry-scalp-hair?productId=xlsImpprod17701021
Frederick Benjamin,shaving,12,Hydro Glaze Cooling Aloe Shave Gel,5,2,https://www.ulta.com/hydro-glaze-cooling-aloe-shave-gel?productId=xlsImpprod17701011
Frederick Benjamin,shaving,12,Easy Primer Pre-Shave and Face Oil,5,2,https://www.ulta.com/easy-primer-pre-shave-face-oil?productId=xlsImpprod17701015
House 99 by David Beckham,hair,10.97,Smooth Away Finishing Cream,5,2,https://www.ulta.com/smooth-away-finishing-cream?productId=pimprod2004809
House 99 by David Beckham,skincare,22,Spruce Up Post-Shave Tonic Lotion,5,2,https://www.ulta.com/spruce-up-post-shave-tonic-lotion?productId=pimprod2004508
Jean Paul Gaultier,cologne,94,Le Male In The Navy Eau de Toilette,5,2,https://www.ulta.com/le-male-in-navy-eau-de-toilette?productId=pimprod2006307
Kiehl's Since 1851,skincare,32,Age Defender Eye Repair,5,2,https://www.ulta.com/age-defender-eye-repair?productId=pimprod2002932
Kiehl's Since 1851,body ,15,Ultimate Man Body Scrub Soap,5,2,https://www.ulta.com/ultimate-man-body-scrub-soap?productId=pimprod2002938
Kiehl's Since 1851,skincare,28,Age Defender Dual Action Exfoliating Cleanser,5,2,https://www.ulta.com/age-defender-dual-action-exfoliating-cleanser?productId=pimprod2002947
Philosophy,shaving,20,Renewed Razor Sharp for Men,5,2,https://www.ulta.com/renewed-razor-sharp-men?productId=xlsImpprod13671015
Philosophy,skincare,36,Renewed Hope for Men,5,2,https://www.ulta.com/renewed-hope-men?productId=xlsImpprod13671013
Tigi,shaving,16.95,Bed Head For Men Lion Tamer Beard & Hair Balm,5,2,https://www.ulta.com/bed-head-men-lion-tamer-beard-hair-balm?productId=xlsImpprod18141091
Ahava,skincare,24,Mens Time To Energize Mineral Hand Cream,4.5,2,https://www.ulta.com/mens-time-energize-mineral-hand-cream?productId=xlsImpprod13371081
Ahava,skincare,35,Mens Age Control Moisturizer SPF 15,4.5,2,https://www.ulta.com/mens-age-control-moisturizer-spf-15?productId=xlsImpprod6320510
Bic,shaving,7.69,Men's Flex 4 Hybrid Razor,4.5,2,https://www.ulta.com/mens-flex-4-hybrid-razor?productId=xlsImpprod18501119
Billy Jealousy,shaving,16,Mellow Lime Beard Balm,4.5,2,https://www.ulta.com/mellow-lime-beard-balm?productId=pimprod2005296
Dolce&Gabbana,body ,29,Pour Homme Deodorant Stick,4.5,2,https://www.ulta.com/pour-homme-deodorant-stick?productId=prod340004
Jack Black,skincare,32,Line Smoother 8% Glycolic Acid Treatment,4.5,2,https://www.ulta.com/line-smoother-8-glycolic-acid-treatment?productId=pimprod2002287
M. Skin Care,shaving,6,Caffeinated Shave Cream,4.5,2,https://www.ulta.com/caffeinated-shave-cream?productId=pimprod2005123
MUGLER,cologne,90,A*Men Kryptomint Eau de Toilette,4.5,2,https://www.ulta.com/amen-kryptomint-eau-de-toilette?productId=xlsImpprod15781039
Baxter of California,hair,19,Thickening Style Gel,4,2,https://www.ulta.com/thickening-style-gel?productId=pimprod2008096
Bic,shaving,7.49,Flex 3 Hybrid For Men,4,2,https://www.ulta.com/flex-3-hybrid-men?productId=pimprod2002222
Every Man Jack,skincare,6.79,Charcoal Face Wash Skin Clearing,4,2,https://www.ulta.com/charcoal-face-wash-skin-clearing?productId=xlsImpprod17071335
Thick Head,hair,10,Heads Up Thickening Styling Gel,4,2,https://www.ulta.com/heads-up-thickening-styling-gel?productId=pimprod2006423
Kiehl's Since 1851,skincare,24,Eye Fuel,3.5,2,https://www.ulta.com/eye-fuel?productId=pimprod2002957
Paul Mitchell,shaving,13,MVRCK Shave Cream,3.5,2,https://www.ulta.com/mvrck-shave-cream?productId=pimprod2005312
Azzaro,body ,25,Wanted Alcohol-Free Deodorant Stick,3,2,https://www.ulta.com/wanted-alcohol-free-deodorant-stick?productId=xlsImpprod16661045
Bic,shaving,7.49,Men's Flex 3 Razor,3,2,https://www.ulta.com/mens-flex-3-razor?productId=xlsImpprod18501123
Every Man Jack,skincare,6.79,Mattifying Face Lotion Oil Defense,3,2,https://www.ulta.com/mattifying-face-lotion-oil-defense?productId=xlsImpprod17071333
Jack Black,hair,52,Black Reserve Body & Hair Cleanser,3,2,https://www.ulta.com/black-reserve-body-hair-cleanser?productId=pimprod2011446
Lacoste,cologne,82,Eau de Lacoste L.12.12 Jaune Eau de Toilette,3,2,https://www.ulta.com/eau-de-lacoste-l1212-jaune-eau-de-toilette?productId=xlsImpprod12191213
Lacoste,cologne,82,Eau de Lacoste L.12.12 Noir Eau de Toilette,3,2,https://www.ulta.com/eau-de-lacoste-l1212-noir-eau-de-toilette?productId=xlsImpprod5320035
Wahl,shaving,59.99,Vacuum Trimmer,3,2,https://www.ulta.com/vacuum-trimmer?productId=pimprod2007132
18.21 Man Made,hair,24,Paste,5,1,https://www.ulta.com/paste?productId=pimprod2005009
Ahava,skincare,30,Mens Time To Energize Age Control All-In-One Eye Care,5,1,https://www.ulta.com/mens-time-energize-age-control-all-in-one-eye-care?productId=xlsImpprod13371067
Ahava,skincare,32,Mens Soothing After Shave Moisturizer,5,1,https://www.ulta.com/mens-soothing-after-shave-moisturizer?productId=xlsImpprod6320508
American Crew,hair,17.95,Techseries Control Foam,5,1,https://www.ulta.com/techseries-control-foam?productId=xlsImpprod18201067
American Crew,hair,17.95,Techseries Texture Foam,5,1,https://www.ulta.com/techseries-texture-foam?productId=xlsImpprod18201069
American Crew,shaving,18.97,Travel Dopp Bag,5,1,https://www.ulta.com/travel-dopp-bag?productId=pimprod2009956
Azzaro,cologne,89,Chrome Aqua Eau de Toilette,5,1,https://www.ulta.com/chrome-aqua-eau-de-toilette?productId=pimprod2005185
Bic,shaving,5.49,Men's Comfort 3 Advance Razors,5,1,https://www.ulta.com/mens-comfort-3-advance-razors?productId=xlsImpprod18531237
Billy Jealousy,shaving,24,Mellow Lime Beard Oil,5,1,https://www.ulta.com/mellow-lime-beard-oil?productId=pimprod2005321
Bvlgari,cologne,113,Man Wood Essence Eau de Parfum,5,1,https://www.ulta.com/man-wood-essence-eau-de-parfum?productId=pimprod2003492
Duke Cannon Supply Co,cologne,19.99,Seneca Proper Cologne,5,1,https://www.ulta.com/seneca-proper-cologne?productId=pimprod2010077
Duke Cannon Supply Co,cologne,19.99,Sawtooth Proper Cologne,5,1,https://www.ulta.com/sawtooth-proper-cologne?productId=pimprod2010076
Duke Cannon Supply Co,cologne,19.99,Huron Proper Cologne,5,1,https://www.ulta.com/huron-proper-cologne?productId=pimprod2010079
Every Man Jack,body ,4.79,Citrus Scrub Body Bar with Wheat Bran,5,1,https://www.ulta.com/citrus-scrub-body-bar-with-wheat-bran?productId=xlsImpprod17071341
Every Man Jack,skincare,5.99,Daily Sun Protection Face Lotion SPF 20,5,1,https://www.ulta.com/daily-sun-protection-face-lotion-spf-20?productId=xlsImpprod17071353
Every Man Jack,skincare,6.79,Shine Control Face Wash with Volcanic Clay Oil Defense,5,1,https://www.ulta.com/shine-control-face-wash-with-volcanic-clay-oil-defense?productId=xlsImpprod17071329
Frederick Benjamin,hair,16,Sleek Water Pomade,5,1,https://www.ulta.com/sleek-water-pomade?productId=xlsImpprod17701019
House 99 by David Beckham,shaving,30,Seriously Groomed Beard Maintenance Set,5,1,https://www.ulta.com/seriously-groomed-beard-maintenance-set?productId=pimprod2005246
Jack Black,body ,32,Turbo Body Scrub,5,1,https://www.ulta.com/turbo-body-scrub?productId=pimprod2005041
Jack Black,skincare,35,Epic Moisture MP 10 Nourishing Oil,5,1,https://www.ulta.com/epic-moisture-mp-10-nourishing-oil?productId=xlsImpprod18881053
Jack Black,skincare,46,Industrial Strength Hand Healer,5,1,https://www.ulta.com/industrial-strength-hand-healer?productId=xlsImpprod18881055
John Varvatos,cologne,74,JVxNJ Red Eau de Toilette,5,1,https://www.ulta.com/jvxnj-red-eau-de-toilette?productId=pimprod2005963
Kiehl's Since 1851,shaving,18,Ultimate Brushless Shave Cream - Blue Eagle,5,1,https://www.ulta.com/ultimate-brushless-shave-cream-blue-eagle?productId=pimprod2002920
Kiehl's Since 1851,shaving,30,Nourishing Beard Grooming Oil,5,1,https://www.ulta.com/nourishing-beard-grooming-oil?productId=pimprod2002940
Kiehl's Since 1851,shaving,18,Ultimate Brushless Shave Cream - White Eagle,5,1,https://www.ulta.com/ultimate-brushless-shave-cream-white-eagle?productId=pimprod2002978
Kiehl's Since 1851,skincare,20,Facial Fuel Energizing Scrub,5,1,https://www.ulta.com/facial-fuel-energizing-scrub?productId=pimprod2002949
Kiehl's Since 1851,skincare,24,Facial Fuel Energizing Face Wash,5,1,https://www.ulta.com/facial-fuel-energizing-face-wash?productId=pimprod2002916
MASON MAN,shaving,21,Legendary Grooming Kit,5,1,https://www.ulta.com/legendary-grooming-kit?productId=pimprod2012283
MASON MAN,skincare,18,Super Power Wash Facial Cleanser,5,1,https://www.ulta.com/super-power-wash-facial-cleanser?productId=pimprod2012279
MASON MAN,shaving,19,Essentials Shaving Kit,5,1,https://www.ulta.com/essentials-shaving-kit?productId=pimprod2012281
Paul Mitchell,shaving,15,MVRCK Cooling Aftershave,5,1,https://www.ulta.com/mvrck-cooling-aftershave?productId=pimprod2005316
Paul Mitchell,skincare,15,MVRCK Skin + Beard Lotion,5,1,https://www.ulta.com/mvrck-skin-beard-lotion?productId=pimprod2005313
Philosophy,skincare,28,The Microdelivery for Men,5,1,https://www.ulta.com/microdelivery-men?productId=xlsImpprod13671009
Remington,shaving,56.64,R5 Titanium Precision Plus Rotary Shaver,5,1,https://www.ulta.com/r5-titanium-precision-plus-rotary-shaver?productId=xlsImpprod16461079
Sexy Hair,body ,16.95,4Some 4 In 1 Wash,5,1,https://www.ulta.com/4some-4-in-1-wash?productId=pimprod2005938
The Body Shop,shaving,11.97,Maca Root & Aloe Calming Post-Shave Water-Gel For Men,5,1,https://www.ulta.com/maca-root-aloe-calming-post-shave-water-gel-men?productId=pimprod2006858
The Body Shop,skincare,12.97,Guarana & Coffee Energizing Moisturizer For Men,5,1,https://www.ulta.com/guarana-coffee-energizing-moisturizer-men?productId=pimprod2006859
Thick Head,hair,20,Hair Regrowth Treatment Sprayer for Men,5,1,https://www.ulta.com/hair-regrowth-treatment-sprayer-men?productId=pimprod2006421
Thick Head,hair,10,Clear Head Anti-Thinning 2-IN-1 Shampoo & Conditioner,5,1,https://www.ulta.com/clear-head-anti-thinning-2-in-1-shampoo-conditioner?productId=pimprod2006416
Tigi,shaving,16.95,Bed Head For Men Fuel Around Beard Oil,5,1,https://www.ulta.com/bed-head-men-fuel-around-beard-oil?productId=pimprod2002586
Triumph & Disaster,shaving,14.97,Old Fashioned Shave Cream Jar,5,1,https://www.ulta.com/old-fashioned-shave-cream-jar?productId=xlsImpprod17491063
Triumph & Disaster,skincare,29.97,Gameface Moisturiser Jar,5,1,https://www.ulta.com/gameface-moisturiser-jar?productId=xlsImpprod17491069
American Crew,hair,17.25,Fortifying Shampoo,4,1,https://www.ulta.com/fortifying-shampoo?productId=xlsImpprod18901011
American Crew,shaving,12.95,Protective Shave Foam,4,1,https://www.ulta.com/protective-shave-foam?productId=xlsImpprod15911037
Every Man Jack,hair,7.19,2 in 1 Daily Shampoo + Conditioner,4,1,https://www.ulta.com/2-in-1-daily-shampoo-conditioner?productId=xlsImpprod10711331
Every Man Jack,skincare,6.79,Volcanic Clay Face Scrub Oil Defense,4,1,https://www.ulta.com/volcanic-clay-face-scrub-oil-defense?productId=xlsImpprod17071331
Every Man Jack,hair,7.99,Fiber Cream,3,1,https://www.ulta.com/fiber-cream?productId=xlsImpprod10711321
Remington,shaving,56.64,F5 Comfort Series Foil Shaver,3,1,https://www.ulta.com/f5-comfort-series-foil-shaver?productId=xlsImpprod16461077
Tweezerman,shaving,18,G.E.A.R. Moustache Scissors with Comb,3,1,https://www.ulta.com/gear-moustache-scissors-with-comb?productId=xlsImpprod14571019
Kiehl's Since 1851,skincare,28,Oil Eliminator 24 Hour Anti Shine Moisturizer,2,1,https://www.ulta.com/oil-eliminator-24-hour-anti-shine-moisturizer?productId=pimprod2002899
Redken,shaving,9,Brews Shave Cream,2,1,https://www.ulta.com/brews-shave-cream?productId=xlsImpprod17601127
18.21 Man Made,hair,24,Pomade,1,1,https://www.ulta.com/pomade?productId=pimprod2005010
Billy Jealousy,body ,13.47,Gold Standard All Over Wash,1,1,https://www.ulta.com/gold-standard-all-over-wash?productId=xlsImpprod18041061
Billy Jealousy,shaving,20,Devil's Delight Beard Control,1,1,https://www.ulta.com/devils-delight-beard-control?productId=pimprod2008311
Conair,shaving,29.99,ConairMan Lithium All-In-One Beard/Mustache Trimmer,1,1,https://www.ulta.com/conairman-lithium-all-in-one-beardmustache-trimmer?productId=pimprod2005716
Every Man Jack,hair,7.99,Sandalwood Grooming Clay,1,1,https://www.ulta.com/sandalwood-grooming-clay?productId=xlsImpprod17361151
Kiehl's Since 1851,skincare,35,Facial Fuel Daily Energizing Moisture Treatment for Men,1,1,https://www.ulta.com/facial-fuel-daily-energizing-moisture-treatment-men?productId=pimprod2002915
Nioxin,hair,19.5,Scalp & Hair Leave-In Treatment System 3 (Color Treated Hair/Normal to Light Thinning),1,1,https://www.ulta.com/scalp-hair-leave-in-treatment-system-3-color-treated-hairnormal-light-thinning?productId=xlsImpprod4450387
Redken,hair,18.5,Brews Hairspray,1,1,https://www.ulta.com/brews-hairspray?productId=xlsImpprod17701061
Redken,hair,29,Brews Daily Conditioner,1,1,https://www.ulta.com/brews-daily-conditioner?productId=xlsImpprod17701047
Thymes,cologne,40,Eucalyptus White Tea Cologne,1,1,https://www.ulta.com/eucalyptus-white-tea-cologne?productId=pimprod2007785
18.21 Man Made,hair,43,Paste and Wash Duo,0,0,https://www.ulta.com/paste-wash-duo?productId=pimprod2006424
18.21 Man Made,shaving,24,Beard Balm,0,0,https://www.ulta.com/beard-balm?productId=pimprod2004970
American Crew,shaving,14.95,Revitalizing Toner,0,0,https://www.ulta.com/revitalizing-toner?productId=xlsImpprod15911033
American Crew,hair,17.95,Techseries Boost Spray,0,0,https://www.ulta.com/techseries-boost-spray?productId=xlsImpprod18241089
American Crew,hair,19.95,Fortifying Scalp Treatment,0,0,https://www.ulta.com/fortifying-scalp-treatment?productId=xlsImpprod18901013
American Crew,shaving,12.95,Precision Shave Gel,0,0,https://www.ulta.com/precision-shave-gel?productId=xlsImpprod15911039
Bic,shaving,7.49,Men's Flex 4 Razor,0,0,https://www.ulta.com/mens-flex-4-razor?productId=xlsImpprod18501125
Billy Jealousy,hair,16,Plaster Master Hard Hold Pomade,0,0,https://www.ulta.com/plaster-master-hard-hold-pomade?productId=xlsImpprod18571057
Billy Jealousy,shaving,16,Charm Offensive Beard Balm,0,0,https://www.ulta.com/charm-offensive-beard-balm?productId=pimprod2002682
Billy Jealousy,shaving,16,Beardo's Bounty Beard Balm,0,0,https://www.ulta.com/beardos-bounty-beard-balm?productId=pimprod2002324
Billy Jealousy,shaving,16,Gnarly Sheen Beard Balm,0,0,https://www.ulta.com/gnarly-sheen-beard-balm?productId=pimprod2002325
Billy Jealousy,shaving,20,Scruff Hydrating Mist,0,0,https://www.ulta.com/scruff-hydrating-mist?productId=pimprod2005323
Dior,shaving,55,Sauvage Shaving Gel,0,0,https://www.ulta.com/sauvage-shaving-gel?productId=pimprod2005674
Dior,body ,29,Sauvage Deodorant Spray,0,0,https://www.ulta.com/sauvage-deodorant-spray?productId=xlsImpprod13611463
Duke Cannon Supply Co,cologne,19.99,Prescott Proper Cologne,0,0,https://www.ulta.com/prescott-proper-cologne?productId=pimprod2010075
Duke Cannon Supply Co,cologne,19.99,Randolph Proper Cologne,0,0,https://www.ulta.com/randolph-proper-cologne?productId=pimprod2010078
Every Man Jack,hair,7.99,Thickening Grooming Cream,0,0,https://www.ulta.com/thickening-grooming-cream?productId=xlsImpprod10711323
Every Man Jack,hair,7.99,Cedarwood Grooming Paste,0,0,https://www.ulta.com/cedarwood-grooming-paste?productId=xlsImpprod17361149
Every Man Jack,hair,7.99,Pomade,0,0,https://www.ulta.com/pomade?productId=xlsImpprod10711325
Every Man Jack,hair,7.99,Daily Shampoo,0,0,https://www.ulta.com/daily-shampoo?productId=xlsImpprod10711341
Every Man Jack,body ,6.39,Sandalwood Deodorant,0,0,https://www.ulta.com/sandalwood-deodorant?productId=pimprod2005700
Every Man Jack,body ,6.39,Sandalwood Body Wash,0,0,https://www.ulta.com/sandalwood-body-wash?productId=pimprod2005702
Every Man Jack,body ,6.39,Eucalyptus Mint Body Wash,0,0,https://www.ulta.com/eucalyptus-mint-body-wash?productId=pimprod2005703
Every Man Jack,body ,7.19,Skin Clearing Acne Defense Body Wash,0,0,https://www.ulta.com/skin-clearing-acne-defense-body-wash?productId=pimprod2005705
Every Man Jack,body ,15.99,Sandalwood Body Value Kit,0,0,https://www.ulta.com/sandalwood-body-value-kit?productId=pimprod2005704
Every Man Jack,body ,15.99,Cedarwood Body Value Kit,0,0,https://www.ulta.com/cedarwood-body-value-kit?productId=pimprod2005706
Every Man Jack,shaving,9.59,Sandalwood Beard Oil,0,0,https://www.ulta.com/sandalwood-beard-oil?productId=xlsImpprod17361155
Every Man Jack,shaving,9.59,Sandalwood Beard Balm,0,0,https://www.ulta.com/sandalwood-beard-balm?productId=xlsImpprod18051101
Every Man Jack,skincare,6.79,Charcoal Face Scrub Skin Clearing,0,0,https://www.ulta.com/charcoal-face-scrub-skin-clearing?productId=xlsImpprod17071337
Every Man Jack,skincare,5.99,Volcanic Clay Face Wipes Oil Defense,0,0,https://www.ulta.com/volcanic-clay-face-wipes-oil-defense?productId=xlsImpprod18051099
Every Man Jack,body ,4.79,Cedarwood Body Bar with Shea Butter,0,0,https://www.ulta.com/cedarwood-body-bar-with-shea-butter?productId=xlsImpprod17071339
Givenchy,cologne,85,Pi Air Eau de Toilette,0,0,https://www.ulta.com/pi-air-eau-de-toilette?productId=xlsImpprod17441035
Hempz,shaving,15.99,His Kit,0,0,https://www.ulta.com/his-kit?productId=pimprod2013008
Jack Black,shaving,27,Bump Fix Razor Bump & Ingrown Hair Solution,0,0,https://www.ulta.com/bump-fix-razor-bump-ingrown-hair-solution?productId=pimprod2002286
Jimmy Choo,body ,25,MAN Deodorant Stick,0,0,https://www.ulta.com/man-deodorant-stick?productId=xlsImpprod12031001
Kiehl's Since 1851,skincare,35,Facial Fuel SPF 20,0,0,https://www.ulta.com/facial-fuel-spf-20?productId=pimprod2002950
Kiehl's Since 1851,hair,16,Creative Cream Wax,0,0,https://www.ulta.com/creative-cream-wax?productId=pimprod2002919
Kiehl's Since 1851,hair,18,Grooming Solutions Texturizing Clay,0,0,https://www.ulta.com/grooming-solutions-texturizing-clay?productId=pimprod2002944
Kiehl's Since 1851,hair,18,Clean Hold Styling Gel,0,0,https://www.ulta.com/clean-hold-styling-gel?productId=pimprod2002939
Kiehl's Since 1851,hair,20,Nourishing Shampoo and Conditioner,0,0,https://www.ulta.com/nourishing-shampoo-conditioner?productId=pimprod2002967
Kiehl's Since 1851,skincare,18,Oil Eliminator Refreshing Shine Control Toner for Men,0,0,https://www.ulta.com/oil-eliminator-refreshing-shine-control-toner-men?productId=pimprod2002946
Kiehl's Since 1851,skincare,18,Facial Fuel Energizing Tonic for Men,0,0,https://www.ulta.com/facial-fuel-energizing-tonic-men?productId=pimprod2002910
Kiehl's Since 1851,skincare,50,Age Defender Power Serum,0,0,https://www.ulta.com/age-defender-power-serum?productId=pimprod2002931
Kiehl's Since 1851,skincare,20,Body Fuel All-In-One Energizing Wash,0,0,https://www.ulta.com/body-fuel-all-in-one-energizing-wash?productId=pimprod2002965
Kiehl's Since 1851,skincare,40,Age Defender Moisturizer,0,0,https://www.ulta.com/age-defender-moisturizer?productId=pimprod2002923
M. Skin Care,skincare,6,Protect Pre-Shave Oil,0,0,https://www.ulta.com/protect-pre-shave-oil?productId=pimprod2005116
MASON MAN,shaving,18,Secret Stache After Shave Balm,0,0,https://www.ulta.com/secret-stache-after-shave-balm?productId=pimprod2012280
MASON MAN,shaving,25,Superhero Shave Cream,0,0,https://www.ulta.com/superhero-shave-cream?productId=pimprod2012296
Montblanc,shaving,48,Online Only Legend Spirit After Shave Balm,0,0,https://www.ulta.com/legend-spirit-after-shave-balm?productId=xlsImpprod14301057
Paul Mitchell,shaving,18,MVRCK Beard Oil,0,0,https://www.ulta.com/mvrck-beard-oil?productId=pimprod2005317
Paul Mitchell,skincare,17,MVRCK Skin Tonic,0,0,https://www.ulta.com/mvrck-skin-tonic?productId=pimprod2005314
Percy Nobleman,shaving,13.97,Face & Stubble Moisturiser,0,0,https://www.ulta.com/face-stubble-moisturiser?productId=xlsImpprod17231037
Redken,shaving,17,Brews Beard and Skin Oil,0,0,https://www.ulta.com/brews-beard-skin-oil?productId=xlsImpprod17601129
Redken,hair,30,Brews Thickening Shampoo,0,0,https://www.ulta.com/brews-thickening-shampoo?productId=pimprod2009613
Redken,hair,9,Brews Finishing Cream,0,0,https://www.ulta.com/brews-finishing-cream?productId=xlsImpprod17601133
Redken,hair,29,Brews Anti-Dandruff Shampoo,0,0,https://www.ulta.com/brews-anti-dandruff-shampoo?productId=pimprod2000336
Redken,shaving,18.5,Brews Shave Cream,0,0,https://www.ulta.com/brews-shave-cream?productId=xlsImpprod17701081
Remington,shaving,46.34,"Remington WetTech Head, Beard & Body Grooming Kit",0,0,https://www.ulta.com/remington-wettech-head-beard-body-grooming-kit?productId=xlsImpprod16461085
Sebastian,hair,19.5,SEB MAN The Hero Re-Workable Gel,0,0,https://www.ulta.com/seb-man-hero-re-workable-gel?productId=pimprod2006611
Sebastian,hair,40,SEB MAN The Cooler Leave-In Scalp Tonic,0,0,https://www.ulta.com/seb-man-cooler-leave-in-scalp-tonic?productId=pimprod2006616
Sebastian,hair,18,SEB MAN The Player Medium Hold Gel,0,0,https://www.ulta.com/seb-man-player-medium-hold-gel?productId=pimprod2006610
Sebastian,hair,15.5,SEB MAN The Smoother Conditioner,0,0,https://www.ulta.com/seb-man-smoother-conditioner?productId=pimprod2006613
Sebastian,hair,18,SEB MAN The Dandy Light Hold Pomade,0,0,https://www.ulta.com/seb-man-dandy-light-hold-pomade?productId=pimprod2006617
Sebastian,hair,14.5,SEB MAN The Purist Anti-Dandruff Shampoo,0,0,https://www.ulta.com/seb-man-purist-anti-dandruff-shampoo?productId=pimprod2006614
Sebastian,shaving,19.5,SEB MAN The Groom Hair & Beard Oil,0,0,https://www.ulta.com/seb-man-groom-hair-beard-oil?productId=pimprod2006612
Sexy Hair,hair,17.95,Convertible Crème,0,0,https://www.ulta.com/convertible-creme?productId=pimprod2005939
Sexy Hair,hair,16.95,Polished Up Pomade,0,0,https://www.ulta.com/polished-up-pomade?productId=pimprod2005940
SheaMoisture,shaving,9.99,Tea Tree Oils & Shea Butter Non-Foaming Shave Gel,0,0,https://www.ulta.com/tea-tree-oils-shea-butter-non-foaming-shave-gel?productId=xlsImpprod18491007
Thick Head,hair,39,Head Rush Hair & Scalp Supplements,0,0,https://www.ulta.com/head-rush-hair-scalp-supplements?productId=pimprod2006419
Thick Head,hair,30,Head Start Hair Loss Treatment & Regrowth System,0,0,https://www.ulta.com/head-start-hair-loss-treatment-regrowth-system?productId=pimprod2006420
Thymes,cologne,20,Eucalyptus Cologne Spray Pen,0,0,https://www.ulta.com/eucalyptus-cologne-spray-pen?productId=pimprod2001553
Thymes,cologne,40,Vetiver Rosewood Cologne,0,0,https://www.ulta.com/vetiver-rosewood-cologne?productId=pimprod2007778
Tigi,shaving,16.95,Bed Head For Men Smooth Mover Rich Shave Cream,0,0,https://www.ulta.com/bed-head-men-smooth-mover-rich-shave-cream?productId=pimprod2002595
Tigi,shaving,16.95,Bed Head For Men Balm Down Cooling Aftershave,0,0,https://www.ulta.com/bed-head-men-balm-down-cooling-aftershave?productId=pimprod2002588
Triumph & Disaster,shaving,13.97,Old Fashioned Shave Cream Tube,0,0,https://www.ulta.com/old-fashioned-shave-cream-tube?productId=xlsImpprod17491065
Triumph & Disaster,skincare,28.97,Gameface Moisturiser Tube,0,0,https://www.ulta.com/gameface-moisturiser-tube?productId=xlsImpprod17491071
Triumph & Disaster,skincare,14.97,Ritual Face Cleanser,0,0,https://www.ulta.com/ritual-face-cleanser?productId=xlsImpprod17491067
Volt,shaving,28,Instant Beard Color,0,0,https://www.ulta.com/instant-beard-color?productId=pimprod2013293
Burberry,cologne,80,Mr. Burberry Eau de Parfum,4.8,8,https://www.ulta.com/mr-burberry-eau-de-parfum?productId=xlsImpprod15821015
